Candidate_ID,Requisition_ID,Team,Department,Region,Recruiter,Hiring_Manager,Source_of_Hire,Candidate_Type,Application_Date,Phone_Screen_Date,Onsite_Date,Offer_Date,Hire_Date,Current_Stage,Req_Open_Date,Time_to_Fill,Headcount_Status
C-10001,REQ-2025-0035,Customer Success,Sales,APAC,Evan Reyes,Manager 12,University,New Grad,2025-11-10,,,,,Rejected,2025-11-02,,Filled
C-10002,REQ-2026-0050,Design,Product,EMEA,Evan Reyes,Manager 10,University,New Grad,2026-06-30,2026-07-03,2026-07-18,,,Onsite,2026-06-21,,Open
C-10003,REQ-2025-0038,People Ops,G&A,APAC,Charlie Brown,Manager 16,Agency,External,2025-11-20,,,,,Rejected,2025-11-02,,Filled
C-10004,REQ-2025-0063,Backend,Engineering,EMEA,Charlie Brown,Manager 09,Internal,Internal,2026-04-23,,,,,Withdrawn,2025-11-11,,Filled
C-10005,REQ-2025-0018,Frontend,Engineering,EMEA,Charlie Brown,Manager 01,LinkedIn,External,2026-03-29,2026-04-10,2026-04-17,,,Rejected,2025-10-22,,Filled
C-10006,REQ-2025-0029,Customer Success,Sales,EMEA,Alice Smith,Manager 16,University,New Grad,2025-10-28,,,,,Rejected,2025-10-16,,Filled
C-10007,REQ-2026-0017,Data Science,Engineering,NA,Evan Reyes,Manager 11,Referral,Referral,2026-05-23,,,,,Rejected,2026-05-19,,Open
C-10008,REQ-2026-0069,People Ops,G&A,EMEA,Alice Smith,Manager 04,Job Board,External,2026-03-15,,,,,Rejected,2026-02-27,,Open
C-10009,REQ-2026-0049,Data Science,Engineering,APAC,Diana Prince,Manager 11,Referral,Referral,2026-06-10,2026-06-15,2026-07-01,2026-07-10,2026-07-16,Hired,2026-04-07,100,Filled
C-10010,REQ-2025-0042,People Ops,G&A,NA,Diana Prince,Manager 14,Job Board,External,2026-07-19,2026-07-28,,,,Screen,2025-10-29,,Filled
C-10011,REQ-2025-0033,Customer Success,Sales,APAC,Diana Prince,Manager 14,Referral,Referral,2026-01-10,,,,,Rejected,2025-12-23,,Filled
C-10012,REQ-2025-0025,Finance,G&A,APAC,Charlie Brown,Manager 18,Job Board,External,2025-11-17,2025-11-21,2025-12-09,2025-12-16,2026-01-05,Hired,2025-11-03,63,Filled
C-10013,REQ-2025-0023,Design,Product,NA,Charlie Brown,Manager 07,LinkedIn,External,2025-12-12,2025-12-17,2025-12-27,,,Rejected,2025-10-12,,Filled
C-10014,REQ-2025-0009,Marketing,Marketing,NA,Diana Prince,Manager 11,LinkedIn,External,2025-11-13,2025-11-23,2025-11-29,2025-12-13,2025-12-25,Hired,2025-10-21,65,Filled
C-10015,REQ-2025-0020,Finance,G&A,EMEA,Evan Reyes,Manager 05,Referral,Referral,2025-12-06,2025-12-17,,,,Rejected,2025-12-03,,Filled
C-10016,REQ-2025-0023,Design,Product,NA,Charlie Brown,Manager 07,Job Board,External,2025-11-01,2025-11-10,,,,Rejected,2025-10-12,,Filled
C-10017,REQ-2025-0029,Customer Success,Sales,EMEA,Alice Smith,Manager 16,Referral,Referral,2025-11-23,,,,,Rejected,2025-10-16,,Filled
C-10018,REQ-2026-0062,Backend,Engineering,NA,Diana Prince,Manager 12,University,New Grad,2026-02-03,,,,,Withdrawn,2026-01-21,,Filled
C-10019,REQ-2025-0057,Product,Product,EMEA,Diana Prince,Manager 19,Internal,Internal,2025-11-06,2025-11-13,2025-11-19,,,Rejected,2025-11-03,,Filled
C-10020,REQ-2025-0033,Customer Success,Sales,APAC,Diana Prince,Manager 14,Job Board,External,2026-01-03,2026-01-14,,,,Rejected,2025-12-23,,Filled
C-10021,REQ-2026-0034,Finance,G&A,APAC,Diana Prince,Manager 02,Agency,External,2026-06-14,2026-06-17,,,,Rejected,2026-04-21,,Filled
C-10022,REQ-2026-0061,Data Science,Engineering,NA,Bob Jones,Manager 14,LinkedIn,External,2026-06-16,2026-06-25,,,,Rejected,2026-06-01,,Cancelled
C-10023,REQ-2025-0055,Backend,Engineering,NA,Alice Smith,Manager 01,Referral,Referral,2025-12-14,2025-12-24,2026-01-02,,,Rejected,2025-12-03,,Filled
C-10024,REQ-2025-0046,Sales,Sales,APAC,Diana Prince,Manager 14,Agency,External,2026-01-02,2026-01-08,,,,Rejected,2025-11-30,,Cancelled
C-10025,REQ-2025-0055,Backend,Engineering,NA,Alice Smith,Manager 01,University,New Grad,2025-12-31,,,,,Withdrawn,2025-12-03,,Filled
C-10026,REQ-2025-0046,Sales,Sales,APAC,Diana Prince,Manager 14,Internal,Internal,2026-01-10,,,,,Rejected,2025-11-30,,Cancelled
C-10027,REQ-2025-0033,Customer Success,Sales,APAC,Diana Prince,Manager 14,University,New Grad,2026-01-07,2026-01-16,2026-01-24,,,Withdrawn,2025-12-23,,Filled
C-10028,REQ-2026-0059,Design,Product,EMEA,Evan Reyes,Manager 02,Job Board,External,2026-07-07,2026-07-13,,,,Screen,2026-07-06,,Open
C-10029,REQ-2026-0004,Product,Product,APAC,Alice Smith,Manager 17,Agency,External,2026-06-14,,,,,Rejected,2026-06-02,,Filled
C-10030,REQ-2026-0013,Design,Product,LATAM,Evan Reyes,Manager 09,Referral,Referral,2026-02-02,,,,,Rejected,2026-01-21,,Filled
C-10031,REQ-2025-0032,Marketing,Marketing,APAC,Charlie Brown,Manager 07,Referral,Referral,2026-01-26,2026-01-29,2026-02-11,,,Withdrawn,2025-12-17,,Filled
C-10032,REQ-2025-0018,Frontend,Engineering,EMEA,Charlie Brown,Manager 01,Referral,Referral,2025-11-06,2025-11-16,2025-11-25,2025-12-09,2025-12-28,Hired,2025-10-22,67,Filled
C-10033,REQ-2025-0035,Customer Success,Sales,APAC,Evan Reyes,Manager 12,LinkedIn,External,2025-11-09,,,,,Rejected,2025-11-02,,Filled
C-10034,REQ-2025-0022,Frontend,Engineering,NA,Alice Smith,Manager 18,Job Board,External,2026-02-19,2026-02-27,,,,Withdrawn,2025-10-05,,On Hold
C-10035,REQ-2026-0056,Frontend,Engineering,LATAM,Bob Jones,Manager 08,LinkedIn,External,2026-07-20,,,,,Applied,2026-07-12,,Open
C-10036,REQ-2025-0020,Finance,G&A,EMEA,Evan Reyes,Manager 05,Agency,External,2026-01-16,,,,,Rejected,2025-12-03,,Filled
C-10037,REQ-2026-0044,Design,Product,NA,Alice Smith,Manager 08,LinkedIn,External,2026-06-14,2026-06-17,2026-06-25,2026-06-30,2026-07-11,Hired,2026-06-11,30,Filled
C-10038,REQ-2026-0064,Design,Product,APAC,Bob Jones,Manager 03,Referral,Referral,2026-04-23,,,,,Rejected,2026-03-03,,Filled
C-10039,REQ-2026-0068,Frontend,Engineering,EMEA,Alice Smith,Manager 01,Agency,External,2026-05-03,,,,,Rejected,2026-03-21,,Filled
C-10040,REQ-2025-0033,Customer Success,Sales,APAC,Diana Prince,Manager 14,Agency,External,2026-06-28,,,,,Rejected,2025-12-23,,Filled
C-10041,REQ-2025-0070,Design,Product,NA,Bob Jones,Manager 02,Job Board,External,2025-10-31,2025-11-10,,,,Withdrawn,2025-10-05,,Filled
C-10042,REQ-2025-0039,Design,Product,EMEA,Charlie Brown,Manager 07,Agency,External,2026-01-08,2026-01-11,2026-01-21,2026-02-02,2026-02-22,Hired,2025-11-23,91,Filled
C-10043,REQ-2025-0023,Design,Product,NA,Charlie Brown,Manager 07,Referral,Referral,2025-11-16,2025-11-25,2025-12-07,,,Rejected,2025-10-12,,Filled
C-10044,REQ-2025-0025,Finance,G&A,APAC,Charlie Brown,Manager 18,LinkedIn,External,2025-12-02,,,,,Rejected,2025-11-03,,Filled
C-10045,REQ-2025-0070,Design,Product,NA,Bob Jones,Manager 02,Referral,Referral,2025-10-13,,,,,Withdrawn,2025-10-05,,Filled
C-10046,REQ-2026-0054,Finance,G&A,NA,Alice Smith,Manager 08,University,New Grad,2026-04-13,2026-04-22,,,,Rejected,2026-04-08,,Open
C-10047,REQ-2025-0018,Frontend,Engineering,EMEA,Charlie Brown,Manager 01,University,New Grad,2025-10-31,,,,,Rejected,2025-10-22,,Filled
C-10048,REQ-2026-0068,Frontend,Engineering,EMEA,Alice Smith,Manager 01,University,New Grad,2026-05-14,,,,,Rejected,2026-03-21,,Filled
C-10049,REQ-2026-0017,Data Science,Engineering,NA,Evan Reyes,Manager 11,Referral,Referral,2026-05-30,2026-06-09,2026-06-21,,,Rejected,2026-05-19,,Open
C-10050,REQ-2026-0003,Finance,G&A,NA,Bob Jones,Manager 11,LinkedIn,External,2026-04-02,2026-04-12,,,,Rejected,2026-03-03,,Filled
C-10051,REQ-2026-0050,Design,Product,EMEA,Evan Reyes,Manager 10,Job Board,External,2026-06-21,2026-06-27,,,,Withdrawn,2026-06-21,,Open
C-10052,REQ-2026-0004,Product,Product,APAC,Alice Smith,Manager 17,Job Board,External,2026-06-24,,,,,Rejected,2026-06-02,,Filled
C-10053,REQ-2025-0024,Frontend,Engineering,NA,Bob Jones,Manager 19,Job Board,External,2026-04-21,2026-04-27,,,,Rejected,2025-10-18,,Open
C-10054,REQ-2026-0053,Finance,G&A,EMEA,Bob Jones,Manager 02,Referral,Referral,2026-02-17,,,,,Rejected,2026-02-03,,Filled
C-10055,REQ-2026-0065,Sales,Sales,NA,Evan Reyes,Manager 18,University,New Grad,2026-02-15,2026-02-20,,,,Withdrawn,2026-01-19,,Filled
C-10056,REQ-2026-0049,Data Science,Engineering,APAC,Diana Prince,Manager 11,LinkedIn,External,2026-04-14,,,,,Rejected,2026-04-07,,Filled
C-10057,REQ-2026-0019,Frontend,Engineering,APAC,Diana Prince,Manager 04,University,New Grad,2026-07-23,2026-07-31,,,,Screen,2026-06-05,,Open
C-10058,REQ-2025-0023,Design,Product,NA,Charlie Brown,Manager 07,LinkedIn,External,2025-12-11,,,,,Rejected,2025-10-12,,Filled
C-10059,REQ-2025-0016,Marketing,Marketing,APAC,Evan Reyes,Manager 13,University,New Grad,2025-12-20,2025-12-23,2026-01-06,,,Withdrawn,2025-11-27,,Filled
C-10060,REQ-2026-0034,Finance,G&A,APAC,Diana Prince,Manager 02,LinkedIn,External,2026-04-25,,,,,Withdrawn,2026-04-21,,Filled
C-10061,REQ-2026-0003,Finance,G&A,NA,Bob Jones,Manager 11,Job Board,External,2026-06-10,2026-06-20,2026-07-05,,,Withdrawn,2026-03-03,,Filled
C-10062,REQ-2026-0043,Sales,Sales,NA,Bob Jones,Manager 16,University,New Grad,2026-02-24,,,,,Withdrawn,2026-02-23,,Open
C-10063,REQ-2026-0005,Sales,Sales,EMEA,Diana Prince,Manager 02,University,New Grad,2026-07-04,2026-07-11,2026-07-17,2026-07-21,,Offer,2026-03-15,,Open
C-10064,REQ-2026-0062,Backend,Engineering,NA,Diana Prince,Manager 12,Referral,Referral,2026-02-28,2026-03-07,2026-03-23,,,Rejected,2026-01-21,,Filled
C-10065,REQ-2025-0033,Customer Success,Sales,APAC,Diana Prince,Manager 14,Job Board,External,2026-02-11,2026-02-22,2026-03-01,,,Withdrawn,2025-12-23,,Filled
C-10066,REQ-2025-0037,Data Science,Engineering,NA,Charlie Brown,Manager 19,Agency,External,2025-11-26,2025-12-05,,,,Rejected,2025-10-05,,Filled
C-10067,REQ-2025-0040,Sales,Sales,NA,Diana Prince,Manager 09,Job Board,External,2026-01-16,,,,,Rejected,2025-11-30,,Filled
C-10068,REQ-2026-0056,Frontend,Engineering,LATAM,Bob Jones,Manager 08,Job Board,External,2026-07-20,,,,,Applied,2026-07-12,,Open
C-10069,REQ-2025-0020,Finance,G&A,EMEA,Evan Reyes,Manager 05,Job Board,External,2026-01-29,2026-02-05,,,,Rejected,2025-12-03,,Filled
C-10070,REQ-2025-0029,Customer Success,Sales,EMEA,Alice Smith,Manager 16,Job Board,External,2025-10-18,,,,,Rejected,2025-10-16,,Filled
C-10071,REQ-2026-0064,Design,Product,APAC,Bob Jones,Manager 03,Referral,Referral,2026-05-07,,,,,Withdrawn,2026-03-03,,Filled
C-10072,REQ-2025-0029,Customer Success,Sales,EMEA,Alice Smith,Manager 16,Job Board,External,2025-11-23,2025-12-02,,,,Rejected,2025-10-16,,Filled
C-10073,REQ-2025-0032,Marketing,Marketing,APAC,Charlie Brown,Manager 07,Referral,Referral,2025-12-18,2025-12-30,2026-01-16,2026-01-20,2026-02-06,Hired,2025-12-17,51,Filled
C-10074,REQ-2026-0068,Frontend,Engineering,EMEA,Alice Smith,Manager 01,University,New Grad,2026-05-31,,,,,Rejected,2026-03-21,,Filled
C-10075,REQ-2026-0002,Sales,Sales,APAC,Evan Reyes,Manager 07,Referral,Referral,2026-05-22,2026-05-31,,,,Withdrawn,2026-03-01,,Open
C-10076,REQ-2026-0015,Product,Product,EMEA,Charlie Brown,Manager 11,LinkedIn,External,2026-05-02,2026-05-14,,,,Rejected,2026-03-19,,Filled
C-10077,REQ-2026-0062,Backend,Engineering,NA,Diana Prince,Manager 12,Job Board,External,2026-01-25,,,,,Rejected,2026-01-21,,Filled
C-10078,REQ-2025-0018,Frontend,Engineering,EMEA,Charlie Brown,Manager 01,LinkedIn,External,2025-11-05,,,,,Withdrawn,2025-10-22,,Filled
C-10079,REQ-2026-0062,Backend,Engineering,NA,Diana Prince,Manager 12,LinkedIn,External,2026-01-26,,,,,Rejected,2026-01-21,,Filled
C-10080,REQ-2026-0006,Marketing,Marketing,NA,Charlie Brown,Manager 08,University,New Grad,2026-06-17,2026-06-26,,,,Rejected,2026-06-10,,Filled
C-10081,REQ-2026-0054,Finance,G&A,NA,Alice Smith,Manager 08,Referral,Referral,2026-05-25,,,,,Withdrawn,2026-04-08,,Open
C-10082,REQ-2026-0059,Design,Product,EMEA,Evan Reyes,Manager 02,Referral,Referral,2026-07-23,,,,,Applied,2026-07-06,,Open
C-10083,REQ-2026-0068,Frontend,Engineering,EMEA,Alice Smith,Manager 01,Agency,External,2026-05-30,,,,,Withdrawn,2026-03-21,,Filled
C-10084,REQ-2026-0065,Sales,Sales,NA,Evan Reyes,Manager 18,University,New Grad,2026-07-06,,,,,Rejected,2026-01-19,,Filled
C-10085,REQ-2026-0062,Backend,Engineering,NA,Diana Prince,Manager 12,Job Board,External,2026-02-27,2026-03-09,,,,Rejected,2026-01-21,,Filled
C-10086,REQ-2025-0055,Backend,Engineering,NA,Alice Smith,Manager 01,Agency,External,2025-12-25,2025-12-28,2026-01-06,2026-01-16,2026-01-26,Hired,2025-12-03,54,Filled
C-10087,REQ-2025-0066,People Ops,G&A,EMEA,Diana Prince,Manager 15,Referral,Referral,2025-10-25,2025-11-04,2025-11-19,,,Rejected,2025-10-24,,Filled
C-10088,REQ-2026-0049,Data Science,Engineering,APAC,Diana Prince,Manager 11,Agency,External,2026-05-02,2026-05-05,,,,Rejected,2026-04-07,,Filled
C-10089,REQ-2026-0052,Design,Product,NA,Alice Smith,Manager 12,Referral,Referral,2026-06-27,2026-07-06,,,,Withdrawn,2026-04-16,,Filled
C-10090,REQ-2026-0053,Finance,G&A,EMEA,Bob Jones,Manager 02,LinkedIn,External,2026-03-01,,,,,Rejected,2026-02-03,,Filled
C-10091,REQ-2025-0016,Marketing,Marketing,APAC,Evan Reyes,Manager 13,Job Board,External,2026-01-08,,,,,Withdrawn,2025-11-27,,Filled
C-10092,REQ-2026-0065,Sales,Sales,NA,Evan Reyes,Manager 18,Internal,Internal,2026-07-05,2026-07-15,,,,Screen,2026-01-19,,Filled
C-10093,REQ-2026-0010,Marketing,Marketing,NA,Charlie Brown,Manager 16,University,New Grad,2026-04-09,,,,,Withdrawn,2026-03-02,,Filled
C-10094,REQ-2026-0041,Data Science,Engineering,NA,Charlie Brown,Manager 12,LinkedIn,External,2026-07-22,2026-07-28,,,,Screen,2026-07-17,,Open
C-10095,REQ-2025-0032,Marketing,Marketing,APAC,Charlie Brown,Manager 07,LinkedIn,External,2026-02-06,,,,,Rejected,2025-12-17,,Filled
C-10096,REQ-2025-0035,Customer Success,Sales,APAC,Evan Reyes,Manager 12,Agency,External,2025-12-22,2025-12-30,2026-01-11,2026-01-24,2026-01-29,Hired,2025-11-02,88,Filled
C-10097,REQ-2025-0018,Frontend,Engineering,EMEA,Charlie Brown,Manager 01,Job Board,External,2025-12-01,2025-12-06,2025-12-15,,,Withdrawn,2025-10-22,,Filled
C-10098,REQ-2025-0023,Design,Product,NA,Charlie Brown,Manager 07,LinkedIn,External,2025-12-03,2025-12-10,,,,Rejected,2025-10-12,,Filled
C-10099,REQ-2026-0028,Marketing,Marketing,APAC,Evan Reyes,Manager 07,Referral,Referral,2026-07-14,2026-07-24,,,,Screen,2026-06-14,,Filled
C-10100,REQ-2025-0025,Finance,G&A,APAC,Charlie Brown,Manager 18,Job Board,External,2025-11-20,,,,,Rejected,2025-11-03,,Filled
C-10101,REQ-2025-0023,Design,Product,NA,Charlie Brown,Manager 07,Job Board,External,2026-04-19,,,,,Rejected,2025-10-12,,Filled
C-10102,REQ-2025-0018,Frontend,Engineering,EMEA,Charlie Brown,Manager 01,LinkedIn,External,2025-11-13,,,,,Withdrawn,2025-10-22,,Filled
C-10103,REQ-2026-0050,Design,Product,EMEA,Evan Reyes,Manager 10,Agency,External,2026-06-26,2026-07-08,,,,Rejected,2026-06-21,,Open
C-10104,REQ-2025-0070,Design,Product,NA,Bob Jones,Manager 02,Referral,Referral,2025-11-22,,,,,Rejected,2025-10-05,,Filled
C-10105,REQ-2026-0051,Backend,Engineering,LATAM,Diana Prince,Manager 07,Referral,Referral,2026-04-16,2026-04-23,,,,Withdrawn,2026-04-05,,Filled
C-10106,REQ-2025-0063,Backend,Engineering,EMEA,Charlie Brown,Manager 09,Agency,External,2025-12-27,,,,,Rejected,2025-11-11,,Filled
C-10107,REQ-2025-0025,Finance,G&A,APAC,Charlie Brown,Manager 18,Agency,External,2025-11-25,,,,,Withdrawn,2025-11-03,,Filled
C-10108,REQ-2025-0032,Marketing,Marketing,APAC,Charlie Brown,Manager 07,University,New Grad,2026-01-08,,,,,Rejected,2025-12-17,,Filled
C-10109,REQ-2026-0061,Data Science,Engineering,NA,Bob Jones,Manager 14,Job Board,External,2026-07-10,2026-07-16,2026-07-23,,,Onsite,2026-06-01,,Cancelled
C-10110,REQ-2025-0038,People Ops,G&A,APAC,Charlie Brown,Manager 16,Job Board,External,2025-11-02,2025-11-06,,,,Rejected,2025-11-02,,Filled
C-10111,REQ-2026-0011,Finance,G&A,APAC,Alice Smith,Manager 13,University,New Grad,2026-06-08,,,,,Rejected,2026-05-24,,Open
C-10112,REQ-2026-0050,Design,Product,EMEA,Evan Reyes,Manager 10,Agency,External,2026-06-27,,,,,Rejected,2026-06-21,,Open
C-10113,REQ-2026-0056,Frontend,Engineering,LATAM,Bob Jones,Manager 08,Referral,Referral,2026-07-17,2026-07-23,,,,Screen,2026-07-12,,Open
C-10114,REQ-2025-0001,Customer Success,Sales,EMEA,Evan Reyes,Manager 01,Referral,Referral,2025-12-01,2025-12-13,2025-12-27,,,Rejected,2025-11-29,,Filled
C-10115,REQ-2026-0031,Design,Product,NA,Alice Smith,Manager 20,LinkedIn,External,2026-05-04,,,,,Withdrawn,2026-05-01,,Open
C-10116,REQ-2026-0058,Customer Success,Sales,EMEA,Evan Reyes,Manager 04,Agency,External,2026-05-04,2026-05-07,,,,Withdrawn,2026-02-27,,Filled
C-10117,REQ-2026-0002,Sales,Sales,APAC,Evan Reyes,Manager 07,Referral,Referral,2026-05-20,,,,,Rejected,2026-03-01,,Open
C-10118,REQ-2025-0066,People Ops,G&A,EMEA,Diana Prince,Manager 15,University,New Grad,2025-11-03,2025-11-12,,,,Withdrawn,2025-10-24,,Filled
C-10119,REQ-2026-0049,Data Science,Engineering,APAC,Diana Prince,Manager 11,Internal,Internal,2026-06-04,,,,,Rejected,2026-04-07,,Filled
C-10120,REQ-2026-0052,Design,Product,NA,Alice Smith,Manager 12,Referral,Referral,2026-04-20,2026-05-02,,,,Rejected,2026-04-16,,Filled
C-10121,REQ-2026-0015,Product,Product,EMEA,Charlie Brown,Manager 11,Job Board,External,2026-03-20,2026-03-27,,,,Rejected,2026-03-19,,Filled
C-10122,REQ-2026-0002,Sales,Sales,APAC,Evan Reyes,Manager 07,LinkedIn,External,2026-05-08,,,,,Rejected,2026-03-01,,Open
C-10123,REQ-2025-0063,Backend,Engineering,EMEA,Charlie Brown,Manager 09,Internal,Internal,2026-04-10,2026-04-15,2026-04-21,,,Withdrawn,2025-11-11,,Filled
C-10124,REQ-2026-0010,Marketing,Marketing,NA,Charlie Brown,Manager 16,University,New Grad,2026-04-21,2026-04-27,,,,Withdrawn,2026-03-02,,Filled
C-10125,REQ-2025-0070,Design,Product,NA,Bob Jones,Manager 02,Agency,External,2026-07-26,2026-07-31,,,,Screen,2025-10-05,,Filled
C-10126,REQ-2025-0012,Frontend,Engineering,NA,Charlie Brown,Manager 16,LinkedIn,External,2025-11-15,2025-11-24,2025-12-05,,,Rejected,2025-10-26,,Filled
C-10127,REQ-2026-0015,Product,Product,EMEA,Charlie Brown,Manager 11,University,New Grad,2026-04-26,2026-05-04,,,,Rejected,2026-03-19,,Filled
C-10128,REQ-2026-0007,Finance,G&A,LATAM,Evan Reyes,Manager 05,Job Board,External,2026-04-12,,,,,Withdrawn,2026-01-03,,Filled
C-10129,REQ-2026-0031,Design,Product,NA,Alice Smith,Manager 20,Referral,Referral,2026-05-23,2026-06-03,,,,Withdrawn,2026-05-01,,Open
C-10130,REQ-2025-0060,People Ops,G&A,NA,Charlie Brown,Manager 07,University,New Grad,2025-10-30,2025-11-05,2025-11-15,,,Rejected,2025-10-10,,Filled
C-10131,REQ-2025-0063,Backend,Engineering,EMEA,Charlie Brown,Manager 09,LinkedIn,External,2025-12-01,,,,,Withdrawn,2025-11-11,,Filled
C-10132,REQ-2026-0006,Marketing,Marketing,NA,Charlie Brown,Manager 08,Referral,Referral,2026-06-10,,,,,Withdrawn,2026-06-10,,Filled
C-10133,REQ-2025-0039,Design,Product,EMEA,Charlie Brown,Manager 07,LinkedIn,External,2025-12-16,,,,,Withdrawn,2025-11-23,,Filled
C-10134,REQ-2026-0011,Finance,G&A,APAC,Alice Smith,Manager 13,LinkedIn,External,2026-06-08,,,,,Withdrawn,2026-05-24,,Open
C-10135,REQ-2025-0047,Marketing,Marketing,NA,Diana Prince,Manager 14,LinkedIn,External,2026-01-04,2026-01-12,,,,Rejected,2025-12-08,,Filled
C-10136,REQ-2025-0033,Customer Success,Sales,APAC,Diana Prince,Manager 14,Referral,Referral,2026-02-23,2026-02-27,2026-03-14,,,Withdrawn,2025-12-23,,Filled
C-10137,REQ-2026-0061,Data Science,Engineering,NA,Bob Jones,Manager 14,LinkedIn,External,2026-06-04,,,,,Withdrawn,2026-06-01,,Cancelled
C-10138,REQ-2026-0013,Design,Product,LATAM,Evan Reyes,Manager 09,Job Board,External,2026-01-30,,,,,Rejected,2026-01-21,,Filled
C-10139,REQ-2025-0055,Backend,Engineering,NA,Alice Smith,Manager 01,LinkedIn,External,2025-12-17,2025-12-29,2026-01-05,,,Rejected,2025-12-03,,Filled
C-10140,REQ-2025-0038,People Ops,G&A,APAC,Charlie Brown,Manager 16,Referral,Referral,2025-11-02,2025-11-13,2025-12-01,2025-12-05,2025-12-18,Hired,2025-11-02,46,Filled
C-10141,REQ-2026-0062,Backend,Engineering,NA,Diana Prince,Manager 12,Agency,External,2026-03-24,2026-04-03,,,,Rejected,2026-01-21,,Filled
C-10142,REQ-2025-0001,Customer Success,Sales,EMEA,Evan Reyes,Manager 01,Referral,Referral,2025-12-10,,,,,Withdrawn,2025-11-29,,Filled
C-10143,REQ-2025-0024,Frontend,Engineering,NA,Bob Jones,Manager 19,Job Board,External,2025-11-16,2025-11-28,,,,Rejected,2025-10-18,,Open
C-10144,REQ-2026-0056,Frontend,Engineering,LATAM,Bob Jones,Manager 08,LinkedIn,External,2026-07-15,2026-07-23,,,,Screen,2026-07-12,,Open
C-10145,REQ-2026-0030,Customer Success,Sales,EMEA,Bob Jones,Manager 03,Job Board,External,2026-07-15,2026-07-19,,,,Screen,2026-07-05,,Open
C-10146,REQ-2026-0058,Customer Success,Sales,EMEA,Evan Reyes,Manager 04,University,New Grad,2026-03-15,2026-03-18,2026-03-24,2026-04-03,2026-04-19,Hired,2026-02-27,51,Filled
C-10147,REQ-2025-0020,Finance,G&A,EMEA,Evan Reyes,Manager 05,LinkedIn,External,2025-12-18,2025-12-30,2026-01-08,2026-01-14,2026-01-31,Hired,2025-12-03,59,Filled
C-10148,REQ-2025-0023,Design,Product,NA,Charlie Brown,Manager 07,Job Board,External,2025-11-26,,,,,Rejected,2025-10-12,,Filled
C-10149,REQ-2025-0029,Customer Success,Sales,EMEA,Alice Smith,Manager 16,University,New Grad,2025-12-03,,,,,Rejected,2025-10-16,,Filled
C-10150,REQ-2026-0028,Marketing,Marketing,APAC,Evan Reyes,Manager 07,Referral,Referral,2026-06-30,2026-07-07,,,,Rejected,2026-06-14,,Filled
C-10151,REQ-2025-0070,Design,Product,NA,Bob Jones,Manager 02,Referral,Referral,2026-04-04,2026-04-07,,,,Rejected,2025-10-05,,Filled
C-10152,REQ-2025-0020,Finance,G&A,EMEA,Evan Reyes,Manager 05,Internal,Internal,2026-01-09,2026-01-12,,,,Rejected,2025-12-03,,Filled
C-10153,REQ-2026-0058,Customer Success,Sales,EMEA,Evan Reyes,Manager 04,Job Board,External,2026-06-14,,,,,Withdrawn,2026-02-27,,Filled
C-10154,REQ-2026-0062,Backend,Engineering,NA,Diana Prince,Manager 12,Job Board,External,2026-02-06,2026-02-18,,,,Rejected,2026-01-21,,Filled
C-10155,REQ-2026-0026,Design,Product,NA,Charlie Brown,Manager 14,Job Board,External,2026-05-01,2026-05-13,,,,Rejected,2026-04-23,,Filled
C-10156,REQ-2025-0067,People Ops,G&A,LATAM,Bob Jones,Manager 19,Referral,Referral,2025-10-23,2025-10-31,2025-11-07,2025-11-13,2025-11-18,Hired,2025-10-13,36,Filled
C-10157,REQ-2025-0014,Data Science,Engineering,NA,Alice Smith,Manager 12,Job Board,External,2025-11-03,2025-11-11,,,,Rejected,2025-10-26,,Filled
C-10158,REQ-2025-0029,Customer Success,Sales,EMEA,Alice Smith,Manager 16,Internal,Internal,2025-10-16,2025-10-22,2025-11-05,2025-11-12,2025-11-20,Hired,2025-10-16,35,Filled
C-10159,REQ-2025-0023,Design,Product,NA,Charlie Brown,Manager 07,Agency,External,2025-10-19,,,,,Rejected,2025-10-12,,Filled
C-10160,REQ-2025-0020,Finance,G&A,EMEA,Evan Reyes,Manager 05,LinkedIn,External,2025-12-25,,,,,Withdrawn,2025-12-03,,Filled
C-10161,REQ-2025-0057,Product,Product,EMEA,Diana Prince,Manager 19,Job Board,External,2025-11-30,2025-12-05,2025-12-14,,,Rejected,2025-11-03,,Filled
C-10162,REQ-2026-0010,Marketing,Marketing,NA,Charlie Brown,Manager 16,Agency,External,2026-03-20,2026-03-26,2026-04-11,,,Rejected,2026-03-02,,Filled
C-10163,REQ-2026-0065,Sales,Sales,NA,Evan Reyes,Manager 18,LinkedIn,External,2026-06-20,2026-06-24,,,,Withdrawn,2026-01-19,,Filled
C-10164,REQ-2026-0056,Frontend,Engineering,LATAM,Bob Jones,Manager 08,Internal,Internal,2026-07-16,2026-07-28,,,,Screen,2026-07-12,,Open
C-10165,REQ-2026-0005,Sales,Sales,EMEA,Diana Prince,Manager 02,Agency,External,2026-05-04,2026-05-11,,,,Rejected,2026-03-15,,Open
C-10166,REQ-2025-0025,Finance,G&A,APAC,Charlie Brown,Manager 18,LinkedIn,External,2025-11-17,2025-11-27,2025-12-07,,,Rejected,2025-11-03,,Filled
C-10167,REQ-2025-0048,Product,Product,APAC,Charlie Brown,Manager 14,Job Board,External,2025-11-27,,,,,Rejected,2025-11-11,,Open
C-10168,REQ-2025-0066,People Ops,G&A,EMEA,Diana Prince,Manager 15,Job Board,External,2025-11-12,2025-11-19,,,,Withdrawn,2025-10-24,,Filled
C-10169,REQ-2025-0057,Product,Product,EMEA,Diana Prince,Manager 19,Agency,External,2025-11-19,,,,,Rejected,2025-11-03,,Filled
C-10170,REQ-2025-0033,Customer Success,Sales,APAC,Diana Prince,Manager 14,Job Board,External,2025-12-26,2026-01-04,2026-01-09,2026-01-18,2026-02-01,Hired,2025-12-23,40,Filled
C-10171,REQ-2025-0033,Customer Success,Sales,APAC,Diana Prince,Manager 14,LinkedIn,External,2026-01-05,2026-01-14,2026-01-29,,,Withdrawn,2025-12-23,,Filled
C-10172,REQ-2026-0049,Data Science,Engineering,APAC,Diana Prince,Manager 11,LinkedIn,External,2026-05-12,2026-05-19,,,,Withdrawn,2026-04-07,,Filled
C-10173,REQ-2025-0055,Backend,Engineering,NA,Alice Smith,Manager 01,Job Board,External,2025-12-06,,,,,Rejected,2025-12-03,,Filled
C-10174,REQ-2025-0040,Sales,Sales,NA,Diana Prince,Manager 09,Job Board,External,2025-12-07,2025-12-11,2025-12-28,2026-01-10,2026-01-16,Hired,2025-11-30,47,Filled
C-10175,REQ-2026-0006,Marketing,Marketing,NA,Charlie Brown,Manager 08,Job Board,External,2026-07-06,2026-07-17,,,,Screen,2026-06-10,,Filled
C-10176,REQ-2026-0028,Marketing,Marketing,APAC,Evan Reyes,Manager 07,Internal,Internal,2026-07-19,,,,,Applied,2026-06-14,,Filled
C-10177,REQ-2026-0007,Finance,G&A,LATAM,Evan Reyes,Manager 05,Referral,Referral,2026-01-07,,,,,Rejected,2026-01-03,,Filled
C-10178,REQ-2025-0023,Design,Product,NA,Charlie Brown,Manager 07,Internal,Internal,2026-07-21,2026-07-31,,,,Screen,2025-10-12,,Filled
C-10179,REQ-2026-0004,Product,Product,APAC,Alice Smith,Manager 17,Job Board,External,2026-06-22,,,,,Withdrawn,2026-06-02,,Filled
C-10180,REQ-2025-0033,Customer Success,Sales,APAC,Diana Prince,Manager 14,LinkedIn,External,2025-12-27,,,,,Rejected,2025-12-23,,Filled
C-10181,REQ-2026-0005,Sales,Sales,EMEA,Diana Prince,Manager 02,Agency,External,2026-04-26,2026-05-05,,,,Rejected,2026-03-15,,Open
C-10182,REQ-2026-0015,Product,Product,EMEA,Charlie Brown,Manager 11,Internal,Internal,2026-05-15,2026-05-21,2026-06-04,2026-06-10,2026-06-24,Hired,2026-03-19,97,Filled
C-10183,REQ-2026-0006,Marketing,Marketing,NA,Charlie Brown,Manager 08,Internal,Internal,2026-06-22,,,,,Rejected,2026-06-10,,Filled
C-10184,REQ-2026-0015,Product,Product,EMEA,Charlie Brown,Manager 11,Internal,Internal,2026-04-20,2026-04-26,2026-05-09,,,Rejected,2026-03-19,,Filled
C-10185,REQ-2025-0070,Design,Product,NA,Bob Jones,Manager 02,Job Board,External,2025-11-28,,,,,Withdrawn,2025-10-05,,Filled
C-10186,REQ-2026-0050,Design,Product,EMEA,Evan Reyes,Manager 10,University,New Grad,2026-07-19,,,,,Applied,2026-06-21,,Open
C-10187,REQ-2026-0062,Backend,Engineering,NA,Diana Prince,Manager 12,Referral,Referral,2026-01-31,2026-02-05,,,,Rejected,2026-01-21,,Filled
C-10188,REQ-2026-0031,Design,Product,NA,Alice Smith,Manager 20,Referral,Referral,2026-06-01,,,,,Withdrawn,2026-05-01,,Open
C-10189,REQ-2026-0056,Frontend,Engineering,LATAM,Bob Jones,Manager 08,Internal,Internal,2026-07-19,2026-07-26,,,,Screen,2026-07-12,,Open
C-10190,REQ-2026-0031,Design,Product,NA,Alice Smith,Manager 20,Job Board,External,2026-06-27,2026-07-08,,,,Rejected,2026-05-01,,Open
C-10191,REQ-2026-0002,Sales,Sales,APAC,Evan Reyes,Manager 07,Referral,Referral,2026-04-09,2026-04-13,,,,Withdrawn,2026-03-01,,Open
C-10192,REQ-2026-0031,Design,Product,NA,Alice Smith,Manager 20,Agency,External,2026-05-17,2026-05-27,2026-06-06,2026-06-20,,Withdrawn,2026-05-01,,Open
C-10193,REQ-2026-0007,Finance,G&A,LATAM,Evan Reyes,Manager 05,Referral,Referral,2026-02-24,2026-03-05,2026-03-21,2026-03-31,,Withdrawn,2026-01-03,,Filled
C-10194,REQ-2025-0014,Data Science,Engineering,NA,Alice Smith,Manager 12,LinkedIn,External,2026-05-26,2026-06-07,2026-06-15,,,Rejected,2025-10-26,,Filled
C-10195,REQ-2026-0053,Finance,G&A,EMEA,Bob Jones,Manager 02,LinkedIn,External,2026-02-05,2026-02-08,,,,Rejected,2026-02-03,,Filled
C-10196,REQ-2026-0054,Finance,G&A,NA,Alice Smith,Manager 08,Agency,External,2026-05-23,,,,,Withdrawn,2026-04-08,,Open
C-10197,REQ-2025-0066,People Ops,G&A,EMEA,Diana Prince,Manager 15,University,New Grad,2026-04-03,,,,,Withdrawn,2025-10-24,,Filled
C-10198,REQ-2026-0065,Sales,Sales,NA,Evan Reyes,Manager 18,University,New Grad,2026-06-02,,,,,Withdrawn,2026-01-19,,Filled
C-10199,REQ-2025-0055,Backend,Engineering,NA,Alice Smith,Manager 01,Agency,External,2026-01-13,2026-01-24,,,,Withdrawn,2025-12-03,,Filled
C-10200,REQ-2026-0065,Sales,Sales,NA,Evan Reyes,Manager 18,Internal,Internal,2026-03-24,,,,,Rejected,2026-01-19,,Filled
C-10201,REQ-2026-0049,Data Science,Engineering,APAC,Diana Prince,Manager 11,Job Board,External,2026-06-06,2026-06-18,,,,Rejected,2026-04-07,,Filled
C-10202,REQ-2026-0003,Finance,G&A,NA,Bob Jones,Manager 11,Agency,External,2026-03-21,,,,,Rejected,2026-03-03,,Filled
C-10203,REQ-2025-0038,People Ops,G&A,APAC,Charlie Brown,Manager 16,LinkedIn,External,2025-11-09,,,,,Rejected,2025-11-02,,Filled
C-10204,REQ-2025-0012,Frontend,Engineering,NA,Charlie Brown,Manager 16,Referral,Referral,2025-12-22,2026-01-02,2026-01-09,,,Rejected,2025-10-26,,Filled
C-10205,REQ-2025-0046,Sales,Sales,APAC,Diana Prince,Manager 14,Referral,Referral,2026-05-28,2026-06-09,2026-06-24,,,Rejected,2025-11-30,,Cancelled
C-10206,REQ-2026-0021,People Ops,G&A,EMEA,Diana Prince,Manager 11,Referral,Referral,2026-06-30,2026-07-07,2026-07-25,,,Onsite,2026-04-17,,Filled
C-10207,REQ-2026-0064,Design,Product,APAC,Bob Jones,Manager 03,Referral,Referral,2026-03-04,2026-03-10,2026-03-18,,,Rejected,2026-03-03,,Filled
C-10208,REQ-2025-0035,Customer Success,Sales,APAC,Evan Reyes,Manager 12,LinkedIn,External,2025-12-26,,,,,Rejected,2025-11-02,,Filled
C-10209,REQ-2025-0070,Design,Product,NA,Bob Jones,Manager 02,LinkedIn,External,2025-10-26,2025-10-29,,,,Withdrawn,2025-10-05,,Filled
C-10210,REQ-2026-0011,Finance,G&A,APAC,Alice Smith,Manager 13,Internal,Internal,2026-06-06,,,,,Withdrawn,2026-05-24,,Open
C-10211,REQ-2026-0065,Sales,Sales,NA,Evan Reyes,Manager 18,University,New Grad,2026-05-04,,,,,Withdrawn,2026-01-19,,Filled
C-10212,REQ-2026-0007,Finance,G&A,LATAM,Evan Reyes,Manager 05,University,New Grad,2026-01-03,,,,,Rejected,2026-01-03,,Filled
C-10213,REQ-2026-0034,Finance,G&A,APAC,Diana Prince,Manager 02,University,New Grad,2026-05-31,,,,,Rejected,2026-04-21,,Filled
C-10214,REQ-2026-0059,Design,Product,EMEA,Evan Reyes,Manager 02,Agency,External,2026-07-11,2026-07-21,,,,Screen,2026-07-06,,Open
C-10215,REQ-2025-0048,Product,Product,APAC,Charlie Brown,Manager 14,Referral,Referral,2026-01-12,,,,,Withdrawn,2025-11-11,,Open
C-10216,REQ-2025-0014,Data Science,Engineering,NA,Alice Smith,Manager 12,Referral,Referral,2025-10-26,,,,,Rejected,2025-10-26,,Filled
C-10217,REQ-2025-0048,Product,Product,APAC,Charlie Brown,Manager 14,Agency,External,2025-11-19,2025-11-25,2025-12-13,,,Withdrawn,2025-11-11,,Open
C-10218,REQ-2025-0023,Design,Product,NA,Charlie Brown,Manager 07,Agency,External,2026-05-05,2026-05-15,,,,Withdrawn,2025-10-12,,Filled
C-10219,REQ-2025-0029,Customer Success,Sales,EMEA,Alice Smith,Manager 16,LinkedIn,External,2025-12-17,,,,,Rejected,2025-10-16,,Filled
C-10220,REQ-2026-0058,Customer Success,Sales,EMEA,Evan Reyes,Manager 04,Referral,Referral,2026-05-14,2026-05-17,2026-05-28,,,Rejected,2026-02-27,,Filled
C-10221,REQ-2025-0055,Backend,Engineering,NA,Alice Smith,Manager 01,Agency,External,2026-02-06,2026-02-12,,,,Rejected,2025-12-03,,Filled
C-10222,REQ-2026-0028,Marketing,Marketing,APAC,Evan Reyes,Manager 07,LinkedIn,External,2026-06-30,2026-07-04,,,,Withdrawn,2026-06-14,,Filled
C-10223,REQ-2025-0016,Marketing,Marketing,APAC,Evan Reyes,Manager 13,Job Board,External,2025-12-20,2025-12-27,,,,Rejected,2025-11-27,,Filled
C-10224,REQ-2026-0021,People Ops,G&A,EMEA,Diana Prince,Manager 11,LinkedIn,External,2026-04-20,,,,,Withdrawn,2026-04-17,,Filled
C-10225,REQ-2025-0016,Marketing,Marketing,APAC,Evan Reyes,Manager 13,Internal,Internal,2026-01-12,2026-01-23,,,,Rejected,2025-11-27,,Filled
C-10226,REQ-2025-0001,Customer Success,Sales,EMEA,Evan Reyes,Manager 01,Agency,External,2025-12-03,2025-12-14,,,,Rejected,2025-11-29,,Filled
C-10227,REQ-2026-0064,Design,Product,APAC,Bob Jones,Manager 03,University,New Grad,2026-03-08,,,,,Withdrawn,2026-03-03,,Filled
C-10228,REQ-2025-0014,Data Science,Engineering,NA,Alice Smith,Manager 12,University,New Grad,2026-05-16,2026-05-20,2026-06-05,2026-06-14,,Rejected,2025-10-26,,Filled
C-10229,REQ-2025-0023,Design,Product,NA,Charlie Brown,Manager 07,Agency,External,2025-12-15,2025-12-24,,,,Rejected,2025-10-12,,Filled
C-10230,REQ-2026-0050,Design,Product,EMEA,Evan Reyes,Manager 10,LinkedIn,External,2026-07-12,,,,,Applied,2026-06-21,,Open
C-10231,REQ-2026-0010,Marketing,Marketing,NA,Charlie Brown,Manager 16,LinkedIn,External,2026-04-03,2026-04-07,2026-04-15,,,Withdrawn,2026-03-02,,Filled
C-10232,REQ-2026-0034,Finance,G&A,APAC,Diana Prince,Manager 02,Referral,Referral,2026-05-11,2026-05-18,2026-05-29,2026-06-08,2026-06-22,Hired,2026-04-21,62,Filled
C-10233,REQ-2026-0065,Sales,Sales,NA,Evan Reyes,Manager 18,LinkedIn,External,2026-03-24,2026-04-01,,,,Withdrawn,2026-01-19,,Filled
C-10234,REQ-2025-0066,People Ops,G&A,EMEA,Diana Prince,Manager 15,Job Board,External,2025-12-21,2025-12-31,,,,Rejected,2025-10-24,,Filled
C-10235,REQ-2026-0028,Marketing,Marketing,APAC,Evan Reyes,Manager 07,Referral,Referral,2026-06-17,2026-06-20,2026-07-07,2026-07-13,2026-07-22,Hired,2026-06-14,38,Filled
C-10236,REQ-2025-0029,Customer Success,Sales,EMEA,Alice Smith,Manager 16,Job Board,External,2026-03-21,,,,,Withdrawn,2025-10-16,,Filled
C-10237,REQ-2025-0066,People Ops,G&A,EMEA,Diana Prince,Manager 15,Referral,Referral,2025-12-30,2026-01-06,2026-01-19,2026-01-23,2026-02-10,Hired,2025-10-24,109,Filled
C-10238,REQ-2026-0045,Finance,G&A,NA,Diana Prince,Manager 12,Referral,Referral,2026-01-25,2026-01-31,,,,Withdrawn,2026-01-09,,Filled
C-10239,REQ-2025-0035,Customer Success,Sales,APAC,Evan Reyes,Manager 12,Job Board,External,2025-11-09,2025-11-15,2025-11-28,,,Rejected,2025-11-02,,Filled
C-10240,REQ-2025-0039,Design,Product,EMEA,Charlie Brown,Manager 07,Agency,External,2025-12-19,,,,,Rejected,2025-11-23,,Filled
C-10241,REQ-2026-0065,Sales,Sales,NA,Evan Reyes,Manager 18,Job Board,External,2026-02-10,,,,,Withdrawn,2026-01-19,,Filled
C-10242,REQ-2025-0048,Product,Product,APAC,Charlie Brown,Manager 14,LinkedIn,External,2025-11-24,,,,,Withdrawn,2025-11-11,,Open
C-10243,REQ-2025-0014,Data Science,Engineering,NA,Alice Smith,Manager 12,LinkedIn,External,2025-11-03,2025-11-14,,,,Rejected,2025-10-26,,Filled
C-10244,REQ-2025-0023,Design,Product,NA,Charlie Brown,Manager 07,University,New Grad,2025-11-21,2025-11-25,2025-12-05,,,Withdrawn,2025-10-12,,Filled
C-10245,REQ-2025-0023,Design,Product,NA,Charlie Brown,Manager 07,Internal,Internal,2025-10-19,,,,,Rejected,2025-10-12,,Filled
C-10246,REQ-2025-0035,Customer Success,Sales,APAC,Evan Reyes,Manager 12,Agency,External,2025-12-25,2026-01-04,,,,Rejected,2025-11-02,,Filled
C-10247,REQ-2026-0065,Sales,Sales,NA,Evan Reyes,Manager 18,Job Board,External,2026-03-07,2026-03-10,,,,Rejected,2026-01-19,,Filled
C-10248,REQ-2026-0056,Frontend,Engineering,LATAM,Bob Jones,Manager 08,Agency,External,2026-07-17,,,,,Applied,2026-07-12,,Open
C-10249,REQ-2026-0065,Sales,Sales,NA,Evan Reyes,Manager 18,Job Board,External,2026-02-19,2026-02-23,2026-03-08,2026-03-14,2026-04-04,Hired,2026-01-19,75,Filled
C-10250,REQ-2025-0001,Customer Success,Sales,EMEA,Evan Reyes,Manager 01,Referral,Referral,2025-11-30,2025-12-10,2025-12-16,2025-12-21,2026-01-07,Hired,2025-11-29,39,Filled
C-10251,REQ-2026-0026,Design,Product,NA,Charlie Brown,Manager 14,Job Board,External,2026-05-04,2026-05-08,2026-05-14,2026-05-28,2026-06-02,Hired,2026-04-23,40,Filled
C-10252,REQ-2025-0001,Customer Success,Sales,EMEA,Evan Reyes,Manager 01,University,New Grad,2026-01-05,2026-01-08,2026-01-20,,,Rejected,2025-11-29,,Filled
C-10253,REQ-2026-0006,Marketing,Marketing,NA,Charlie Brown,Manager 08,LinkedIn,External,2026-06-15,2026-06-23,2026-07-06,2026-07-12,2026-07-18,Hired,2026-06-10,38,Filled
C-10254,REQ-2025-0042,People Ops,G&A,NA,Diana Prince,Manager 14,LinkedIn,External,2025-12-23,2026-01-04,2026-01-15,2026-01-19,2026-01-30,Hired,2025-10-29,93,Filled
C-10255,REQ-2025-0033,Customer Success,Sales,APAC,Diana Prince,Manager 14,University,New Grad,2026-02-04,2026-02-09,,,,Withdrawn,2025-12-23,,Filled
C-10256,REQ-2026-0059,Design,Product,EMEA,Evan Reyes,Manager 02,LinkedIn,External,2026-07-08,,,,,Rejected,2026-07-06,,Open
C-10257,REQ-2025-0038,People Ops,G&A,APAC,Charlie Brown,Manager 16,Agency,External,2025-11-26,2025-12-01,,,,Withdrawn,2025-11-02,,Filled
C-10258,REQ-2026-0007,Finance,G&A,LATAM,Evan Reyes,Manager 05,Referral,Referral,2026-02-08,2026-02-20,2026-03-03,2026-03-09,2026-03-23,Hired,2026-01-03,79,Filled
C-10259,REQ-2026-0052,Design,Product,NA,Alice Smith,Manager 12,Referral,Referral,2026-05-27,,,,,Rejected,2026-04-16,,Filled
C-10260,REQ-2025-0040,Sales,Sales,NA,Diana Prince,Manager 09,Job Board,External,2025-12-21,2025-12-26,,,,Rejected,2025-11-30,,Filled
C-10261,REQ-2025-0033,Customer Success,Sales,APAC,Diana Prince,Manager 14,LinkedIn,External,2026-02-20,,,,,Withdrawn,2025-12-23,,Filled
C-10262,REQ-2025-0038,People Ops,G&A,APAC,Charlie Brown,Manager 16,Agency,External,2025-12-26,,,,,Withdrawn,2025-11-02,,Filled
C-10263,REQ-2025-0033,Customer Success,Sales,APAC,Diana Prince,Manager 14,Referral,Referral,2025-12-24,2026-01-02,,,,Withdrawn,2025-12-23,,Filled
C-10264,REQ-2025-0039,Design,Product,EMEA,Charlie Brown,Manager 07,Referral,Referral,2025-12-08,,,,,Rejected,2025-11-23,,Filled
C-10265,REQ-2026-0003,Finance,G&A,NA,Bob Jones,Manager 11,Internal,Internal,2026-03-08,2026-03-13,,,,Rejected,2026-03-03,,Filled
C-10266,REQ-2026-0062,Backend,Engineering,NA,Diana Prince,Manager 12,LinkedIn,External,2026-03-11,,,,,Withdrawn,2026-01-21,,Filled
C-10267,REQ-2026-0051,Backend,Engineering,LATAM,Diana Prince,Manager 07,Referral,Referral,2026-06-23,2026-07-02,,,,Rejected,2026-04-05,,Filled
C-10268,REQ-2025-0001,Customer Success,Sales,EMEA,Evan Reyes,Manager 01,LinkedIn,External,2025-12-11,,,,,Withdrawn,2025-11-29,,Filled
C-10269,REQ-2026-0044,Design,Product,NA,Alice Smith,Manager 08,University,New Grad,2026-07-10,,,,,Rejected,2026-06-11,,Filled
C-10270,REQ-2025-0066,People Ops,G&A,EMEA,Diana Prince,Manager 15,LinkedIn,External,2025-11-10,2025-11-18,2025-12-02,,,Withdrawn,2025-10-24,,Filled
C-10271,REQ-2026-0002,Sales,Sales,APAC,Evan Reyes,Manager 07,University,New Grad,2026-03-08,2026-03-16,,,,Rejected,2026-03-01,,Open
C-10272,REQ-2026-0064,Design,Product,APAC,Bob Jones,Manager 03,Job Board,External,2026-04-19,2026-05-01,2026-05-06,2026-05-14,2026-05-24,Hired,2026-03-03,82,Filled
C-10273,REQ-2026-0028,Marketing,Marketing,APAC,Evan Reyes,Manager 07,Referral,Referral,2026-07-04,2026-07-15,2026-07-23,,,Onsite,2026-06-14,,Filled
C-10274,REQ-2026-0011,Finance,G&A,APAC,Alice Smith,Manager 13,Referral,Referral,2026-06-17,2026-06-26,,,,Rejected,2026-05-24,,Open
C-10275,REQ-2026-0007,Finance,G&A,LATAM,Evan Reyes,Manager 05,Agency,External,2026-03-04,,,,,Rejected,2026-01-03,,Filled
C-10276,REQ-2026-0051,Backend,Engineering,LATAM,Diana Prince,Manager 07,LinkedIn,External,2026-06-13,2026-06-17,,,,Rejected,2026-04-05,,Filled
C-10277,REQ-2025-0037,Data Science,Engineering,NA,Charlie Brown,Manager 19,Referral,Referral,2025-10-08,2025-10-20,2025-10-31,,,Rejected,2025-10-05,,Filled
C-10278,REQ-2025-0063,Backend,Engineering,EMEA,Charlie Brown,Manager 09,Referral,Referral,2025-12-05,2025-12-08,2025-12-23,2026-01-07,2026-01-18,Hired,2025-11-11,68,Filled
C-10279,REQ-2025-0025,Finance,G&A,APAC,Charlie Brown,Manager 18,LinkedIn,External,2025-12-19,2025-12-24,,,,Rejected,2025-11-03,,Filled
C-10280,REQ-2025-0001,Customer Success,Sales,EMEA,Evan Reyes,Manager 01,Referral,Referral,2026-05-17,2026-05-27,2026-06-01,,,Withdrawn,2025-11-29,,Filled
C-10281,REQ-2026-0045,Finance,G&A,NA,Diana Prince,Manager 12,LinkedIn,External,2026-01-21,2026-01-26,2026-02-11,,,Rejected,2026-01-09,,Filled
C-10282,REQ-2025-0038,People Ops,G&A,APAC,Charlie Brown,Manager 16,LinkedIn,External,2025-11-19,2025-11-25,2025-12-06,,,Rejected,2025-11-02,,Filled
C-10283,REQ-2025-0014,Data Science,Engineering,NA,Alice Smith,Manager 12,Agency,External,2025-10-27,2025-11-06,,,,Withdrawn,2025-10-26,,Filled
C-10284,REQ-2025-0014,Data Science,Engineering,NA,Alice Smith,Manager 12,Agency,External,2025-11-05,,,,,Withdrawn,2025-10-26,,Filled
C-10285,REQ-2025-0047,Marketing,Marketing,NA,Diana Prince,Manager 14,Job Board,External,2025-12-25,2026-01-06,,,,Withdrawn,2025-12-08,,Filled
C-10286,REQ-2025-0001,Customer Success,Sales,EMEA,Evan Reyes,Manager 01,Referral,Referral,2025-12-07,,,,,Withdrawn,2025-11-29,,Filled
C-10287,REQ-2026-0068,Frontend,Engineering,EMEA,Alice Smith,Manager 01,Job Board,External,2026-04-13,2026-04-21,2026-05-05,,,Rejected,2026-03-21,,Filled
C-10288,REQ-2025-0014,Data Science,Engineering,NA,Alice Smith,Manager 12,Referral,Referral,2026-07-26,2026-07-30,,,,Screen,2025-10-26,,Filled
C-10289,REQ-2025-0070,Design,Product,NA,Bob Jones,Manager 02,University,New Grad,2025-10-26,,,,,Rejected,2025-10-05,,Filled
C-10290,REQ-2026-0053,Finance,G&A,EMEA,Bob Jones,Manager 02,Internal,Internal,2026-07-21,2026-07-24,,,,Screen,2026-02-03,,Filled
C-10291,REQ-2025-0040,Sales,Sales,NA,Diana Prince,Manager 09,Job Board,External,2026-01-04,2026-01-11,,,,Rejected,2025-11-30,,Filled
C-10292,REQ-2026-0062,Backend,Engineering,NA,Diana Prince,Manager 12,Agency,External,2026-07-12,2026-07-18,,,,Screen,2026-01-21,,Filled
C-10293,REQ-2026-0006,Marketing,Marketing,NA,Charlie Brown,Manager 08,Referral,Referral,2026-06-19,2026-06-30,2026-07-15,,,Onsite,2026-06-10,,Filled
C-10294,REQ-2026-0062,Backend,Engineering,NA,Diana Prince,Manager 12,LinkedIn,External,2026-03-12,2026-03-21,2026-04-08,2026-04-15,2026-04-23,Hired,2026-01-21,92,Filled
C-10295,REQ-2025-0032,Marketing,Marketing,APAC,Charlie Brown,Manager 07,Agency,External,2026-01-15,,,,,Withdrawn,2025-12-17,,Filled
C-10296,REQ-2026-0041,Data Science,Engineering,NA,Charlie Brown,Manager 12,Internal,Internal,2026-07-17,2026-07-21,,,,Screen,2026-07-17,,Open
C-10297,REQ-2026-0015,Product,Product,EMEA,Charlie Brown,Manager 11,Agency,External,2026-05-02,2026-05-06,2026-05-23,,,Rejected,2026-03-19,,Filled
C-10298,REQ-2026-0051,Backend,Engineering,LATAM,Diana Prince,Manager 07,Referral,Referral,2026-04-25,2026-05-04,2026-05-10,2026-05-16,2026-05-29,Hired,2026-04-05,54,Filled
C-10299,REQ-2025-0014,Data Science,Engineering,NA,Alice Smith,Manager 12,Job Board,External,2025-11-24,2025-11-30,,,,Rejected,2025-10-26,,Filled
C-10300,REQ-2025-0046,Sales,Sales,APAC,Diana Prince,Manager 14,Referral,Referral,2025-12-17,2025-12-20,,,,Rejected,2025-11-30,,Cancelled
C-10301,REQ-2025-0018,Frontend,Engineering,EMEA,Charlie Brown,Manager 01,Referral,Referral,2025-11-19,2025-11-29,,,,Rejected,2025-10-22,,Filled
C-10302,REQ-2026-0064,Design,Product,APAC,Bob Jones,Manager 03,Referral,Referral,2026-03-12,2026-03-22,2026-04-08,,,Rejected,2026-03-03,,Filled
C-10303,REQ-2025-0016,Marketing,Marketing,APAC,Evan Reyes,Manager 13,University,New Grad,2025-11-29,,,,,Rejected,2025-11-27,,Filled
C-10304,REQ-2025-0023,Design,Product,NA,Charlie Brown,Manager 07,University,New Grad,2025-10-28,2025-11-01,,,,Rejected,2025-10-12,,Filled
C-10305,REQ-2025-0023,Design,Product,NA,Charlie Brown,Manager 07,Agency,External,2026-03-13,,,,,Rejected,2025-10-12,,Filled
C-10306,REQ-2026-0031,Design,Product,NA,Alice Smith,Manager 20,Agency,External,2026-06-04,2026-06-08,,,,Withdrawn,2026-05-01,,Open
C-10307,REQ-2026-0004,Product,Product,APAC,Alice Smith,Manager 17,LinkedIn,External,2026-06-05,2026-06-16,,,,Rejected,2026-06-02,,Filled
C-10308,REQ-2026-0065,Sales,Sales,NA,Evan Reyes,Manager 18,LinkedIn,External,2026-02-13,2026-02-17,,,,Rejected,2026-01-19,,Filled
C-10309,REQ-2026-0008,Design,Product,NA,Bob Jones,Manager 16,Job Board,External,2026-07-15,2026-07-20,,,,Screen,2026-06-26,,Open
C-10310,REQ-2025-0009,Marketing,Marketing,NA,Diana Prince,Manager 11,Referral,Referral,2025-12-18,,,,,Rejected,2025-10-21,,Filled
C-10311,REQ-2025-0032,Marketing,Marketing,APAC,Charlie Brown,Manager 07,Referral,Referral,2025-12-24,2026-01-02,2026-01-19,2026-01-28,,Withdrawn,2025-12-17,,Filled
C-10312,REQ-2026-0061,Data Science,Engineering,NA,Bob Jones,Manager 14,University,New Grad,2026-07-24,,,,,Applied,2026-06-01,,Cancelled
C-10313,REQ-2025-0016,Marketing,Marketing,APAC,Evan Reyes,Manager 13,Agency,External,2025-12-31,,,,,Rejected,2025-11-27,,Filled
C-10314,REQ-2025-0018,Frontend,Engineering,EMEA,Charlie Brown,Manager 01,Job Board,External,2025-10-23,2025-11-02,2025-11-11,,,Rejected,2025-10-22,,Filled
C-10315,REQ-2025-0016,Marketing,Marketing,APAC,Evan Reyes,Manager 13,Referral,Referral,2026-01-05,,,,,Rejected,2025-11-27,,Filled
C-10316,REQ-2025-0037,Data Science,Engineering,NA,Charlie Brown,Manager 19,LinkedIn,External,2025-11-21,2025-12-03,,,,Withdrawn,2025-10-05,,Filled
C-10317,REQ-2025-0039,Design,Product,EMEA,Charlie Brown,Manager 07,University,New Grad,2026-01-19,,,,,Withdrawn,2025-11-23,,Filled
C-10318,REQ-2025-0020,Finance,G&A,EMEA,Evan Reyes,Manager 05,Referral,Referral,2026-01-04,2026-01-09,,,,Rejected,2025-12-03,,Filled
C-10319,REQ-2025-0060,People Ops,G&A,NA,Charlie Brown,Manager 07,University,New Grad,2025-11-03,,,,,Rejected,2025-10-10,,Filled
C-10320,REQ-2026-0052,Design,Product,NA,Alice Smith,Manager 12,Referral,Referral,2026-05-10,2026-05-14,,,,Withdrawn,2026-04-16,,Filled
C-10321,REQ-2025-0037,Data Science,Engineering,NA,Charlie Brown,Manager 19,Internal,Internal,2025-11-01,2025-11-10,,,,Rejected,2025-10-05,,Filled
C-10322,REQ-2025-0012,Frontend,Engineering,NA,Charlie Brown,Manager 16,Agency,External,2025-11-15,2025-11-19,,,,Rejected,2025-10-26,,Filled
C-10323,REQ-2026-0061,Data Science,Engineering,NA,Bob Jones,Manager 14,LinkedIn,External,2026-06-03,,,,,Rejected,2026-06-01,,Cancelled
C-10324,REQ-2026-0031,Design,Product,NA,Alice Smith,Manager 20,Job Board,External,2026-05-04,,,,,Rejected,2026-05-01,,Open
C-10325,REQ-2025-0055,Backend,Engineering,NA,Alice Smith,Manager 01,Referral,Referral,2025-12-18,,,,,Rejected,2025-12-03,,Filled
C-10326,REQ-2026-0041,Data Science,Engineering,NA,Charlie Brown,Manager 12,Agency,External,2026-07-26,,,,,Applied,2026-07-17,,Open
C-10327,REQ-2025-0066,People Ops,G&A,EMEA,Diana Prince,Manager 15,Referral,Referral,2025-11-08,2025-11-20,,,,Withdrawn,2025-10-24,,Filled
C-10328,REQ-2025-0057,Product,Product,EMEA,Diana Prince,Manager 19,LinkedIn,External,2025-12-14,,,,,Withdrawn,2025-11-03,,Filled
C-10329,REQ-2026-0059,Design,Product,EMEA,Evan Reyes,Manager 02,Referral,Referral,2026-07-08,2026-07-20,,,,Screen,2026-07-06,,Open
C-10330,REQ-2025-0023,Design,Product,NA,Charlie Brown,Manager 07,University,New Grad,2025-11-21,,,,,Rejected,2025-10-12,,Filled
C-10331,REQ-2026-0058,Customer Success,Sales,EMEA,Evan Reyes,Manager 04,University,New Grad,2026-03-07,2026-03-19,,,,Rejected,2026-02-27,,Filled
C-10332,REQ-2025-0048,Product,Product,APAC,Charlie Brown,Manager 14,University,New Grad,2025-11-27,,,,,Rejected,2025-11-11,,Open
C-10333,REQ-2025-0023,Design,Product,NA,Charlie Brown,Manager 07,LinkedIn,External,2025-11-03,,,,,Rejected,2025-10-12,,Filled
C-10334,REQ-2026-0065,Sales,Sales,NA,Evan Reyes,Manager 18,Internal,Internal,2026-05-01,2026-05-04,2026-05-19,,,Rejected,2026-01-19,,Filled
C-10335,REQ-2026-0017,Data Science,Engineering,NA,Evan Reyes,Manager 11,Agency,External,2026-06-03,2026-06-12,,,,Rejected,2026-05-19,,Open
C-10336,REQ-2025-0037,Data Science,Engineering,NA,Charlie Brown,Manager 19,LinkedIn,External,2025-11-09,,,,,Rejected,2025-10-05,,Filled
C-10337,REQ-2025-0023,Design,Product,NA,Charlie Brown,Manager 07,University,New Grad,2025-10-12,2025-10-19,2025-10-31,2025-11-07,2025-11-24,Hired,2025-10-12,43,Filled
C-10338,REQ-2025-0037,Data Science,Engineering,NA,Charlie Brown,Manager 19,Referral,Referral,2025-11-04,2025-11-09,2025-11-26,2025-12-11,2025-12-31,Hired,2025-10-05,87,Filled
C-10339,REQ-2026-0064,Design,Product,APAC,Bob Jones,Manager 03,LinkedIn,External,2026-05-10,2026-05-16,,,,Rejected,2026-03-03,,Filled
C-10340,REQ-2026-0050,Design,Product,EMEA,Evan Reyes,Manager 10,Referral,Referral,2026-07-14,2026-07-23,2026-07-30,,,Onsite,2026-06-21,,Open
C-10341,REQ-2025-0012,Frontend,Engineering,NA,Charlie Brown,Manager 16,Referral,Referral,2025-12-01,2025-12-12,2025-12-29,2026-01-06,2026-01-12,Hired,2025-10-26,78,Filled
C-10342,REQ-2025-0070,Design,Product,NA,Bob Jones,Manager 02,Referral,Referral,2025-12-06,2025-12-10,2025-12-20,2025-12-28,2026-01-04,Hired,2025-10-05,91,Filled
C-10343,REQ-2025-0048,Product,Product,APAC,Charlie Brown,Manager 14,University,New Grad,2025-11-22,2025-11-27,,,,Rejected,2025-11-11,,Open
C-10344,REQ-2025-0047,Marketing,Marketing,NA,Diana Prince,Manager 14,Referral,Referral,2025-12-18,2025-12-22,,,,Rejected,2025-12-08,,Filled
C-10345,REQ-2025-0025,Finance,G&A,APAC,Charlie Brown,Manager 18,LinkedIn,External,2025-11-27,2025-11-30,2025-12-18,2025-12-22,,Withdrawn,2025-11-03,,Filled
C-10346,REQ-2026-0049,Data Science,Engineering,APAC,Diana Prince,Manager 11,University,New Grad,2026-04-11,,,,,Rejected,2026-04-07,,Filled
C-10347,REQ-2026-0068,Frontend,Engineering,EMEA,Alice Smith,Manager 01,Referral,Referral,2026-04-17,,,,,Rejected,2026-03-21,,Filled
C-10348,REQ-2026-0064,Design,Product,APAC,Bob Jones,Manager 03,Referral,Referral,2026-03-06,,,,,Withdrawn,2026-03-03,,Filled
C-10349,REQ-2025-0066,People Ops,G&A,EMEA,Diana Prince,Manager 15,LinkedIn,External,2025-11-30,2025-12-11,,,,Rejected,2025-10-24,,Filled
C-10350,REQ-2026-0053,Finance,G&A,EMEA,Bob Jones,Manager 02,University,New Grad,2026-03-08,,,,,Withdrawn,2026-02-03,,Filled
C-10351,REQ-2026-0068,Frontend,Engineering,EMEA,Alice Smith,Manager 01,Referral,Referral,2026-03-29,2026-04-02,2026-04-16,2026-04-20,2026-05-02,Hired,2026-03-21,42,Filled
C-10352,REQ-2025-0055,Backend,Engineering,NA,Alice Smith,Manager 01,Referral,Referral,2025-12-06,2025-12-14,2025-12-27,,,Withdrawn,2025-12-03,,Filled
C-10353,REQ-2026-0068,Frontend,Engineering,EMEA,Alice Smith,Manager 01,University,New Grad,2026-05-08,,,,,Rejected,2026-03-21,,Filled
C-10354,REQ-2025-0039,Design,Product,EMEA,Charlie Brown,Manager 07,Job Board,External,2025-12-01,,,,,Rejected,2025-11-23,,Filled
C-10355,REQ-2026-0005,Sales,Sales,EMEA,Diana Prince,Manager 02,Job Board,External,2026-03-18,2026-03-23,2026-04-01,2026-04-07,,Rejected,2026-03-15,,Open
C-10356,REQ-2025-0046,Sales,Sales,APAC,Diana Prince,Manager 14,University,New Grad,2026-02-10,2026-02-20,2026-02-26,,,Rejected,2025-11-30,,Cancelled
C-10357,REQ-2025-0057,Product,Product,EMEA,Diana Prince,Manager 19,Job Board,External,2025-11-22,2025-12-04,,,,Rejected,2025-11-03,,Filled
C-10358,REQ-2025-0048,Product,Product,APAC,Charlie Brown,Manager 14,University,New Grad,2026-02-15,,,,,Rejected,2025-11-11,,Open
C-10359,REQ-2025-0020,Finance,G&A,EMEA,Evan Reyes,Manager 05,Job Board,External,2025-12-14,,,,,Withdrawn,2025-12-03,,Filled
C-10360,REQ-2026-0006,Marketing,Marketing,NA,Charlie Brown,Manager 08,LinkedIn,External,2026-07-20,,,,,Applied,2026-06-10,,Filled
C-10361,REQ-2026-0054,Finance,G&A,NA,Alice Smith,Manager 08,Job Board,External,2026-06-23,,,,,Rejected,2026-04-08,,Open
C-10362,REQ-2026-0003,Finance,G&A,NA,Bob Jones,Manager 11,LinkedIn,External,2026-05-17,2026-05-29,2026-06-03,,,Rejected,2026-03-03,,Filled
C-10363,REQ-2026-0065,Sales,Sales,NA,Evan Reyes,Manager 18,University,New Grad,2026-01-23,2026-02-04,2026-02-17,,,Rejected,2026-01-19,,Filled
C-10364,REQ-2025-0032,Marketing,Marketing,APAC,Charlie Brown,Manager 07,LinkedIn,External,2025-12-28,2026-01-04,,,,Rejected,2025-12-17,,Filled
C-10365,REQ-2026-0058,Customer Success,Sales,EMEA,Evan Reyes,Manager 04,Agency,External,2026-03-14,2026-03-24,,,,Withdrawn,2026-02-27,,Filled
C-10366,REQ-2025-0063,Backend,Engineering,EMEA,Charlie Brown,Manager 09,Job Board,External,2025-12-31,2026-01-08,,,,Rejected,2025-11-11,,Filled
C-10367,REQ-2026-0007,Finance,G&A,LATAM,Evan Reyes,Manager 05,LinkedIn,External,2026-01-31,2026-02-10,,,,Withdrawn,2026-01-03,,Filled
C-10368,REQ-2025-0035,Customer Success,Sales,APAC,Evan Reyes,Manager 12,LinkedIn,External,2025-12-17,2025-12-28,,,,Withdrawn,2025-11-02,,Filled
C-10369,REQ-2026-0056,Frontend,Engineering,LATAM,Bob Jones,Manager 08,Job Board,External,2026-07-15,,,,,Applied,2026-07-12,,Open
C-10370,REQ-2025-0032,Marketing,Marketing,APAC,Charlie Brown,Manager 07,University,New Grad,2025-12-21,,,,,Withdrawn,2025-12-17,,Filled
C-10371,REQ-2025-0042,People Ops,G&A,NA,Diana Prince,Manager 14,University,New Grad,2025-11-12,,,,,Withdrawn,2025-10-29,,Filled
C-10372,REQ-2026-0065,Sales,Sales,NA,Evan Reyes,Manager 18,Job Board,External,2026-03-14,2026-03-18,,,,Withdrawn,2026-01-19,,Filled
C-10373,REQ-2025-0016,Marketing,Marketing,APAC,Evan Reyes,Manager 13,Agency,External,2026-01-16,2026-01-26,2026-02-13,,,Withdrawn,2025-11-27,,Filled
C-10374,REQ-2025-0009,Marketing,Marketing,NA,Diana Prince,Manager 11,LinkedIn,External,2025-11-25,2025-12-07,2025-12-14,,,Withdrawn,2025-10-21,,Filled
C-10375,REQ-2026-0007,Finance,G&A,LATAM,Evan Reyes,Manager 05,Job Board,External,2026-05-24,,,,,Rejected,2026-01-03,,Filled
C-10376,REQ-2025-0024,Frontend,Engineering,NA,Bob Jones,Manager 19,LinkedIn,External,2025-10-30,,,,,Withdrawn,2025-10-18,,Open
C-10377,REQ-2025-0033,Customer Success,Sales,APAC,Diana Prince,Manager 14,Referral,Referral,2026-02-12,,,,,Rejected,2025-12-23,,Filled
C-10378,REQ-2026-0034,Finance,G&A,APAC,Diana Prince,Manager 02,Job Board,External,2026-04-30,2026-05-10,,,,Rejected,2026-04-21,,Filled
C-10379,REQ-2026-0068,Frontend,Engineering,EMEA,Alice Smith,Manager 01,Agency,External,2026-04-13,2026-04-20,2026-05-02,,,Rejected,2026-03-21,,Filled
C-10380,REQ-2026-0010,Marketing,Marketing,NA,Charlie Brown,Manager 16,Job Board,External,2026-03-27,2026-03-30,,,,Rejected,2026-03-02,,Filled
C-10381,REQ-2026-0064,Design,Product,APAC,Bob Jones,Manager 03,Referral,Referral,2026-03-28,,,,,Rejected,2026-03-03,,Filled
C-10382,REQ-2026-0002,Sales,Sales,APAC,Evan Reyes,Manager 07,LinkedIn,External,2026-03-19,2026-03-26,2026-03-31,2026-04-07,,Rejected,2026-03-01,,Open
C-10383,REQ-2025-0012,Frontend,Engineering,NA,Charlie Brown,Manager 16,Referral,Referral,2026-03-23,2026-03-26,2026-04-12,,,Rejected,2025-10-26,,Filled
C-10384,REQ-2025-0039,Design,Product,EMEA,Charlie Brown,Manager 07,University,New Grad,2026-02-11,2026-02-17,,,,Rejected,2025-11-23,,Filled
C-10385,REQ-2026-0002,Sales,Sales,APAC,Evan Reyes,Manager 07,Job Board,External,2026-04-08,2026-04-18,,,,Rejected,2026-03-01,,Open
C-10386,REQ-2026-0065,Sales,Sales,NA,Evan Reyes,Manager 18,University,New Grad,2026-06-10,2026-06-17,,,,Rejected,2026-01-19,,Filled
C-10387,REQ-2026-0064,Design,Product,APAC,Bob Jones,Manager 03,Referral,Referral,2026-03-08,2026-03-13,,,,Rejected,2026-03-03,,Filled
C-10388,REQ-2025-0037,Data Science,Engineering,NA,Charlie Brown,Manager 19,Job Board,External,2025-11-05,2025-11-12,,,,Withdrawn,2025-10-05,,Filled
C-10389,REQ-2025-0066,People Ops,G&A,EMEA,Diana Prince,Manager 15,Internal,Internal,2025-11-27,,,,,Withdrawn,2025-10-24,,Filled
C-10390,REQ-2026-0004,Product,Product,APAC,Alice Smith,Manager 17,Job Board,External,2026-06-06,2026-06-11,,,,Withdrawn,2026-06-02,,Filled
C-10391,REQ-2025-0012,Frontend,Engineering,NA,Charlie Brown,Manager 16,Job Board,External,2025-11-05,2025-11-09,,,,Withdrawn,2025-10-26,,Filled
C-10392,REQ-2026-0058,Customer Success,Sales,EMEA,Evan Reyes,Manager 04,Referral,Referral,2026-03-01,,,,,Withdrawn,2026-02-27,,Filled
C-10393,REQ-2025-0067,People Ops,G&A,LATAM,Bob Jones,Manager 19,University,New Grad,2025-10-13,2025-10-19,,,,Withdrawn,2025-10-13,,Filled
C-10394,REQ-2025-0020,Finance,G&A,EMEA,Evan Reyes,Manager 05,University,New Grad,2026-01-21,2026-01-31,2026-02-12,2026-02-23,,Rejected,2025-12-03,,Filled
C-10395,REQ-2026-0068,Frontend,Engineering,EMEA,Alice Smith,Manager 01,University,New Grad,2026-06-07,,,,,Rejected,2026-03-21,,Filled
C-10396,REQ-2026-0050,Design,Product,EMEA,Evan Reyes,Manager 10,Job Board,External,2026-07-10,2026-07-21,,,,Screen,2026-06-21,,Open
C-10397,REQ-2025-0035,Customer Success,Sales,APAC,Evan Reyes,Manager 12,Referral,Referral,2025-11-05,2025-11-15,,,,Rejected,2025-11-02,,Filled
C-10398,REQ-2026-0051,Backend,Engineering,LATAM,Diana Prince,Manager 07,Job Board,External,2026-05-02,,,,,Rejected,2026-04-05,,Filled
C-10399,REQ-2025-0032,Marketing,Marketing,APAC,Charlie Brown,Manager 07,Job Board,External,2026-01-20,2026-01-24,,,,Rejected,2025-12-17,,Filled
C-10400,REQ-2025-0018,Frontend,Engineering,EMEA,Charlie Brown,Manager 01,Referral,Referral,2025-12-03,2025-12-10,,,,Withdrawn,2025-10-22,,Filled
C-10401,REQ-2025-0001,Customer Success,Sales,EMEA,Evan Reyes,Manager 01,Referral,Referral,2025-11-30,2025-12-08,,,,Withdrawn,2025-11-29,,Filled
C-10402,REQ-2026-0065,Sales,Sales,NA,Evan Reyes,Manager 18,Referral,Referral,2026-03-18,2026-03-24,,,,Rejected,2026-01-19,,Filled
C-10403,REQ-2026-0065,Sales,Sales,NA,Evan Reyes,Manager 18,Job Board,External,2026-01-29,2026-02-05,,,,Rejected,2026-01-19,,Filled
C-10404,REQ-2025-0033,Customer Success,Sales,APAC,Diana Prince,Manager 14,LinkedIn,External,2026-01-09,,,,,Withdrawn,2025-12-23,,Filled
C-10405,REQ-2026-0062,Backend,Engineering,NA,Diana Prince,Manager 12,University,New Grad,2026-02-24,2026-03-04,,,,Rejected,2026-01-21,,Filled
C-10406,REQ-2026-0062,Backend,Engineering,NA,Diana Prince,Manager 12,Referral,Referral,2026-06-20,2026-06-25,,,,Rejected,2026-01-21,,Filled
C-10407,REQ-2026-0007,Finance,G&A,LATAM,Evan Reyes,Manager 05,Referral,Referral,2026-01-19,2026-01-31,,,,Withdrawn,2026-01-03,,Filled
C-10408,REQ-2026-0051,Backend,Engineering,LATAM,Diana Prince,Manager 07,Job Board,External,2026-04-26,,,,,Rejected,2026-04-05,,Filled
C-10409,REQ-2026-0053,Finance,G&A,EMEA,Bob Jones,Manager 02,Referral,Referral,2026-02-15,,,,,Rejected,2026-02-03,,Filled
C-10410,REQ-2025-0055,Backend,Engineering,NA,Alice Smith,Manager 01,Job Board,External,2026-01-20,2026-01-25,,,,Rejected,2025-12-03,,Filled
C-10411,REQ-2026-0030,Customer Success,Sales,EMEA,Bob Jones,Manager 03,Referral,Referral,2026-07-09,2026-07-20,,,,Screen,2026-07-05,,Open
C-10412,REQ-2026-0052,Design,Product,NA,Alice Smith,Manager 12,Referral,Referral,2026-05-14,2026-05-17,,,,Withdrawn,2026-04-16,,Filled
C-10413,REQ-2026-0068,Frontend,Engineering,EMEA,Alice Smith,Manager 01,LinkedIn,External,2026-05-06,2026-05-14,,,,Withdrawn,2026-03-21,,Filled
C-10414,REQ-2025-0033,Customer Success,Sales,APAC,Diana Prince,Manager 14,Job Board,External,2026-06-05,2026-06-08,2026-06-18,,,Rejected,2025-12-23,,Filled
C-10415,REQ-2026-0068,Frontend,Engineering,EMEA,Alice Smith,Manager 01,Job Board,External,2026-05-02,,,,,Rejected,2026-03-21,,Filled
C-10416,REQ-2025-0023,Design,Product,NA,Charlie Brown,Manager 07,Job Board,External,2025-11-07,2025-11-18,,,,Withdrawn,2025-10-12,,Filled
C-10417,REQ-2026-0052,Design,Product,NA,Alice Smith,Manager 12,Referral,Referral,2026-05-10,,,,,Withdrawn,2026-04-16,,Filled
C-10418,REQ-2026-0064,Design,Product,APAC,Bob Jones,Manager 03,LinkedIn,External,2026-05-02,,,,,Rejected,2026-03-03,,Filled
C-10419,REQ-2025-0037,Data Science,Engineering,NA,Charlie Brown,Manager 19,University,New Grad,2025-10-14,,,,,Withdrawn,2025-10-05,,Filled
C-10420,REQ-2025-0033,Customer Success,Sales,APAC,Diana Prince,Manager 14,Job Board,External,2026-02-09,,,,,Withdrawn,2025-12-23,,Filled
C-10421,REQ-2025-0025,Finance,G&A,APAC,Charlie Brown,Manager 18,Job Board,External,2025-12-15,2025-12-26,,,,Rejected,2025-11-03,,Filled
C-10422,REQ-2025-0029,Customer Success,Sales,EMEA,Alice Smith,Manager 16,University,New Grad,2025-11-24,2025-12-01,,,,Withdrawn,2025-10-16,,Filled
C-10423,REQ-2026-0061,Data Science,Engineering,NA,Bob Jones,Manager 14,Referral,Referral,2026-06-05,2026-06-11,,,,Withdrawn,2026-06-01,,Cancelled
C-10424,REQ-2026-0043,Sales,Sales,NA,Bob Jones,Manager 16,LinkedIn,External,2026-03-04,,,,,Rejected,2026-02-23,,Open
C-10425,REQ-2025-0012,Frontend,Engineering,NA,Charlie Brown,Manager 16,Referral,Referral,2025-11-15,,,,,Rejected,2025-10-26,,Filled
C-10426,REQ-2026-0031,Design,Product,NA,Alice Smith,Manager 20,Job Board,External,2026-06-21,2026-07-03,,,,Withdrawn,2026-05-01,,Open
C-10427,REQ-2026-0010,Marketing,Marketing,NA,Charlie Brown,Manager 16,LinkedIn,External,2026-03-24,2026-04-05,,,,Withdrawn,2026-03-02,,Filled
C-10428,REQ-2025-0057,Product,Product,EMEA,Diana Prince,Manager 19,LinkedIn,External,2025-12-21,,,,,Rejected,2025-11-03,,Filled
C-10429,REQ-2025-0033,Customer Success,Sales,APAC,Diana Prince,Manager 14,LinkedIn,External,2026-01-01,2026-01-10,,,,Rejected,2025-12-23,,Filled
C-10430,REQ-2025-0033,Customer Success,Sales,APAC,Diana Prince,Manager 14,University,New Grad,2026-01-28,,,,,Withdrawn,2025-12-23,,Filled
C-10431,REQ-2025-0033,Customer Success,Sales,APAC,Diana Prince,Manager 14,LinkedIn,External,2025-12-29,2026-01-01,2026-01-16,,,Rejected,2025-12-23,,Filled
C-10432,REQ-2025-0020,Finance,G&A,EMEA,Evan Reyes,Manager 05,Agency,External,2026-02-01,2026-02-06,,,,Rejected,2025-12-03,,Filled
C-10433,REQ-2026-0056,Frontend,Engineering,LATAM,Bob Jones,Manager 08,LinkedIn,External,2026-07-13,,,,,Applied,2026-07-12,,Open
C-10434,REQ-2025-0067,People Ops,G&A,LATAM,Bob Jones,Manager 19,University,New Grad,2025-10-17,2025-10-25,,,,Rejected,2025-10-13,,Filled
C-10435,REQ-2026-0051,Backend,Engineering,LATAM,Diana Prince,Manager 07,Referral,Referral,2026-05-24,2026-05-27,2026-06-03,,,Withdrawn,2026-04-05,,Filled
C-10436,REQ-2026-0006,Marketing,Marketing,NA,Charlie Brown,Manager 08,LinkedIn,External,2026-06-10,2026-06-19,,,,Withdrawn,2026-06-10,,Filled
C-10437,REQ-2026-0056,Frontend,Engineering,LATAM,Bob Jones,Manager 08,Agency,External,2026-07-25,,,,,Applied,2026-07-12,,Open
C-10438,REQ-2026-0049,Data Science,Engineering,APAC,Diana Prince,Manager 11,LinkedIn,External,2026-04-18,2026-04-22,,,,Rejected,2026-04-07,,Filled
C-10439,REQ-2026-0007,Finance,G&A,LATAM,Evan Reyes,Manager 05,Referral,Referral,2026-05-21,2026-05-26,,,,Rejected,2026-01-03,,Filled
C-10440,REQ-2025-0029,Customer Success,Sales,EMEA,Alice Smith,Manager 16,Job Board,External,2025-11-26,2025-11-29,2025-12-09,,,Withdrawn,2025-10-16,,Filled
C-10441,REQ-2026-0051,Backend,Engineering,LATAM,Diana Prince,Manager 07,Job Board,External,2026-05-05,,,,,Rejected,2026-04-05,,Filled
C-10442,REQ-2026-0061,Data Science,Engineering,NA,Bob Jones,Manager 14,Job Board,External,2026-06-13,2026-06-17,2026-06-26,,,Rejected,2026-06-01,,Cancelled
C-10443,REQ-2026-0007,Finance,G&A,LATAM,Evan Reyes,Manager 05,Job Board,External,2026-04-07,2026-04-17,,,,Withdrawn,2026-01-03,,Filled
C-10444,REQ-2025-0070,Design,Product,NA,Bob Jones,Manager 02,LinkedIn,External,2025-12-06,,,,,Withdrawn,2025-10-05,,Filled
C-10445,REQ-2026-0053,Finance,G&A,EMEA,Bob Jones,Manager 02,LinkedIn,External,2026-07-02,2026-07-11,,,,Screen,2026-02-03,,Filled
C-10446,REQ-2026-0054,Finance,G&A,NA,Alice Smith,Manager 08,Referral,Referral,2026-04-23,2026-04-29,,,,Withdrawn,2026-04-08,,Open
C-10447,REQ-2026-0065,Sales,Sales,NA,Evan Reyes,Manager 18,University,New Grad,2026-02-13,2026-02-20,,,,Withdrawn,2026-01-19,,Filled
C-10448,REQ-2026-0065,Sales,Sales,NA,Evan Reyes,Manager 18,LinkedIn,External,2026-01-26,,,,,Withdrawn,2026-01-19,,Filled
C-10449,REQ-2026-0034,Finance,G&A,APAC,Diana Prince,Manager 02,Agency,External,2026-07-07,,,,,Withdrawn,2026-04-21,,Filled
C-10450,REQ-2025-0037,Data Science,Engineering,NA,Charlie Brown,Manager 19,Referral,Referral,2025-11-23,,,,,Rejected,2025-10-05,,Filled
C-10451,REQ-2026-0062,Backend,Engineering,NA,Diana Prince,Manager 12,Agency,External,2026-01-21,2026-01-30,,,,Withdrawn,2026-01-21,,Filled
C-10452,REQ-2025-0046,Sales,Sales,APAC,Diana Prince,Manager 14,University,New Grad,2025-12-26,,,,,Withdrawn,2025-11-30,,Cancelled
C-10453,REQ-2025-0014,Data Science,Engineering,NA,Alice Smith,Manager 12,Job Board,External,2025-11-01,,,,,Rejected,2025-10-26,,Filled
C-10454,REQ-2025-0014,Data Science,Engineering,NA,Alice Smith,Manager 12,Internal,Internal,2026-05-13,,,,,Withdrawn,2025-10-26,,Filled
C-10455,REQ-2026-0002,Sales,Sales,APAC,Evan Reyes,Manager 07,Referral,Referral,2026-03-09,2026-03-21,,,,Rejected,2026-03-01,,Open
C-10456,REQ-2026-0021,People Ops,G&A,EMEA,Diana Prince,Manager 11,Referral,Referral,2026-05-04,2026-05-14,2026-05-30,2026-06-07,2026-06-13,Hired,2026-04-17,57,Filled
C-10457,REQ-2026-0062,Backend,Engineering,NA,Diana Prince,Manager 12,Referral,Referral,2026-03-12,,,,,Rejected,2026-01-21,,Filled
C-10458,REQ-2025-0032,Marketing,Marketing,APAC,Charlie Brown,Manager 07,University,New Grad,2026-02-20,2026-02-28,,,,Withdrawn,2025-12-17,,Filled
C-10459,REQ-2025-0060,People Ops,G&A,NA,Charlie Brown,Manager 07,University,New Grad,2025-10-15,2025-10-20,,,,Rejected,2025-10-10,,Filled
C-10460,REQ-2026-0017,Data Science,Engineering,NA,Evan Reyes,Manager 11,Agency,External,2026-07-18,,,,,Applied,2026-05-19,,Open
C-10461,REQ-2026-0031,Design,Product,NA,Alice Smith,Manager 20,Job Board,External,2026-05-05,2026-05-16,2026-05-22,,,Rejected,2026-05-01,,Open
C-10462,REQ-2026-0002,Sales,Sales,APAC,Evan Reyes,Manager 07,Job Board,External,2026-04-13,2026-04-19,,,,Rejected,2026-03-01,,Open
C-10463,REQ-2025-0029,Customer Success,Sales,EMEA,Alice Smith,Manager 16,Referral,Referral,2025-10-30,,,,,Withdrawn,2025-10-16,,Filled
C-10464,REQ-2025-0009,Marketing,Marketing,NA,Diana Prince,Manager 11,LinkedIn,External,2025-11-14,,,,,Rejected,2025-10-21,,Filled
C-10465,REQ-2026-0011,Finance,G&A,APAC,Alice Smith,Manager 13,University,New Grad,2026-07-07,,,,,Rejected,2026-05-24,,Open
C-10466,REQ-2025-0063,Backend,Engineering,EMEA,Charlie Brown,Manager 09,Agency,External,2025-11-26,2025-12-08,,,,Withdrawn,2025-11-11,,Filled
C-10467,REQ-2025-0020,Finance,G&A,EMEA,Evan Reyes,Manager 05,University,New Grad,2026-05-04,2026-05-11,,,,Rejected,2025-12-03,,Filled
C-10468,REQ-2025-0060,People Ops,G&A,NA,Charlie Brown,Manager 07,University,New Grad,2025-10-19,2025-10-28,2025-11-12,,,Rejected,2025-10-10,,Filled
C-10469,REQ-2026-0026,Design,Product,NA,Charlie Brown,Manager 14,Agency,External,2026-05-21,2026-05-26,2026-06-03,,,Withdrawn,2026-04-23,,Filled
C-10470,REQ-2025-0033,Customer Success,Sales,APAC,Diana Prince,Manager 14,Referral,Referral,2026-02-11,,,,,Withdrawn,2025-12-23,,Filled
C-10471,REQ-2025-0060,People Ops,G&A,NA,Charlie Brown,Manager 07,LinkedIn,External,2025-11-11,,,,,Rejected,2025-10-10,,Filled
C-10472,REQ-2026-0068,Frontend,Engineering,EMEA,Alice Smith,Manager 01,Agency,External,2026-05-06,2026-05-09,,,,Rejected,2026-03-21,,Filled
C-10473,REQ-2026-0065,Sales,Sales,NA,Evan Reyes,Manager 18,Agency,External,2026-01-25,,,,,Rejected,2026-01-19,,Filled
C-10474,REQ-2026-0015,Product,Product,EMEA,Charlie Brown,Manager 11,LinkedIn,External,2026-04-15,2026-04-20,,,,Rejected,2026-03-19,,Filled
C-10475,REQ-2026-0026,Design,Product,NA,Charlie Brown,Manager 14,Referral,Referral,2026-05-12,2026-05-15,,,,Rejected,2026-04-23,,Filled
C-10476,REQ-2025-0070,Design,Product,NA,Bob Jones,Manager 02,Referral,Referral,2025-11-27,2025-12-04,2025-12-09,,,Rejected,2025-10-05,,Filled
C-10477,REQ-2026-0059,Design,Product,EMEA,Evan Reyes,Manager 02,Job Board,External,2026-07-15,2026-07-21,,,,Screen,2026-07-06,,Open
C-10478,REQ-2025-0048,Product,Product,APAC,Charlie Brown,Manager 14,Referral,Referral,2025-12-24,2025-12-28,,,,Withdrawn,2025-11-11,,Open
C-10479,REQ-2025-0047,Marketing,Marketing,NA,Diana Prince,Manager 14,Referral,Referral,2025-12-10,2025-12-14,2025-12-25,,,Rejected,2025-12-08,,Filled
C-10480,REQ-2026-0006,Marketing,Marketing,NA,Charlie Brown,Manager 08,Referral,Referral,2026-06-18,,,,,Withdrawn,2026-06-10,,Filled
C-10481,REQ-2026-0062,Backend,Engineering,NA,Diana Prince,Manager 12,LinkedIn,External,2026-02-05,,,,,Withdrawn,2026-01-21,,Filled
C-10482,REQ-2026-0010,Marketing,Marketing,NA,Charlie Brown,Manager 16,LinkedIn,External,2026-07-21,,,,,Applied,2026-03-02,,Filled
C-10483,REQ-2026-0056,Frontend,Engineering,LATAM,Bob Jones,Manager 08,LinkedIn,External,2026-07-23,2026-07-26,,,,Screen,2026-07-12,,Open
C-10484,REQ-2026-0006,Marketing,Marketing,NA,Charlie Brown,Manager 08,Job Board,External,2026-07-17,,,,,Applied,2026-06-10,,Filled
C-10485,REQ-2026-0008,Design,Product,NA,Bob Jones,Manager 16,Referral,Referral,2026-07-01,2026-07-13,2026-07-25,2026-07-31,,Offer,2026-06-26,,Open
C-10486,REQ-2025-0020,Finance,G&A,EMEA,Evan Reyes,Manager 05,Agency,External,2026-05-30,,,,,Withdrawn,2025-12-03,,Filled
C-10487,REQ-2025-0023,Design,Product,NA,Charlie Brown,Manager 07,University,New Grad,2026-07-03,,,,,Withdrawn,2025-10-12,,Filled
C-10488,REQ-2026-0052,Design,Product,NA,Alice Smith,Manager 12,LinkedIn,External,2026-04-20,2026-04-30,2026-05-06,2026-05-11,2026-05-21,Hired,2026-04-16,35,Filled
C-10489,REQ-2025-0038,People Ops,G&A,APAC,Charlie Brown,Manager 16,Agency,External,2026-01-05,2026-01-12,,,,Rejected,2025-11-02,,Filled
C-10490,REQ-2026-0053,Finance,G&A,EMEA,Bob Jones,Manager 02,Referral,Referral,2026-02-03,2026-02-13,2026-02-23,2026-03-05,2026-03-16,Hired,2026-02-03,41,Filled
C-10491,REQ-2026-0031,Design,Product,NA,Alice Smith,Manager 20,Job Board,External,2026-05-07,,,,,Rejected,2026-05-01,,Open
C-10492,REQ-2026-0041,Data Science,Engineering,NA,Charlie Brown,Manager 12,Referral,Referral,2026-07-18,2026-07-27,,,,Screen,2026-07-17,,Open
C-10493,REQ-2025-0023,Design,Product,NA,Charlie Brown,Manager 07,Job Board,External,2025-10-20,,,,,Rejected,2025-10-12,,Filled
C-10494,REQ-2025-0020,Finance,G&A,EMEA,Evan Reyes,Manager 05,Referral,Referral,2026-01-19,2026-01-26,,,,Rejected,2025-12-03,,Filled
C-10495,REQ-2026-0036,Data Science,Engineering,NA,Charlie Brown,Manager 03,University,New Grad,2026-04-29,2026-05-07,2026-05-19,,,Withdrawn,2026-04-18,,Filled
C-10496,REQ-2026-0004,Product,Product,APAC,Alice Smith,Manager 17,Agency,External,2026-06-24,,,,,Rejected,2026-06-02,,Filled
C-10497,REQ-2026-0026,Design,Product,NA,Charlie Brown,Manager 14,Agency,External,2026-05-25,,,,,Withdrawn,2026-04-23,,Filled
C-10498,REQ-2025-0024,Frontend,Engineering,NA,Bob Jones,Manager 19,Referral,Referral,2025-12-11,,,,,Rejected,2025-10-18,,Open
C-10499,REQ-2026-0056,Frontend,Engineering,LATAM,Bob Jones,Manager 08,Job Board,External,2026-07-12,2026-07-21,,,,Screen,2026-07-12,,Open
C-10500,REQ-2025-0063,Backend,Engineering,EMEA,Charlie Brown,Manager 09,Internal,Internal,2025-11-18,2025-11-22,,,,Rejected,2025-11-11,,Filled
C-10501,REQ-2026-0041,Data Science,Engineering,NA,Charlie Brown,Manager 12,Referral,Referral,2026-07-21,2026-07-28,,,,Screen,2026-07-17,,Open
C-10502,REQ-2026-0003,Finance,G&A,NA,Bob Jones,Manager 11,LinkedIn,External,2026-03-19,,,,,Withdrawn,2026-03-03,,Filled
C-10503,REQ-2026-0061,Data Science,Engineering,NA,Bob Jones,Manager 14,Referral,Referral,2026-06-23,,,,,Rejected,2026-06-01,,Cancelled
C-10504,REQ-2025-0029,Customer Success,Sales,EMEA,Alice Smith,Manager 16,Referral,Referral,2025-11-04,2025-11-12,2025-11-24,,,Rejected,2025-10-16,,Filled
C-10505,REQ-2025-0042,People Ops,G&A,NA,Diana Prince,Manager 14,Internal,Internal,2025-11-07,,,,,Withdrawn,2025-10-29,,Filled
C-10506,REQ-2026-0004,Product,Product,APAC,Alice Smith,Manager 17,Internal,Internal,2026-06-14,2026-06-19,2026-07-07,,,Withdrawn,2026-06-02,,Filled
C-10507,REQ-2026-0068,Frontend,Engineering,EMEA,Alice Smith,Manager 01,Job Board,External,2026-03-27,2026-03-31,2026-04-15,2026-04-28,,Rejected,2026-03-21,,Filled
C-10508,REQ-2026-0065,Sales,Sales,NA,Evan Reyes,Manager 18,LinkedIn,External,2026-04-16,2026-04-19,,,,Withdrawn,2026-01-19,,Filled
C-10509,REQ-2026-0015,Product,Product,EMEA,Charlie Brown,Manager 11,Referral,Referral,2026-04-02,2026-04-08,,,,Rejected,2026-03-19,,Filled
C-10510,REQ-2026-0031,Design,Product,NA,Alice Smith,Manager 20,Job Board,External,2026-05-12,2026-05-15,,,,Rejected,2026-05-01,,Open
C-10511,REQ-2025-0038,People Ops,G&A,APAC,Charlie Brown,Manager 16,LinkedIn,External,2025-11-25,2025-11-28,,,,Rejected,2025-11-02,,Filled
C-10512,REQ-2026-0003,Finance,G&A,NA,Bob Jones,Manager 11,LinkedIn,External,2026-03-05,2026-03-09,,,,Withdrawn,2026-03-03,,Filled
C-10513,REQ-2025-0040,Sales,Sales,NA,Diana Prince,Manager 09,University,New Grad,2025-12-28,2026-01-04,2026-01-14,,,Rejected,2025-11-30,,Filled
C-10514,REQ-2025-0001,Customer Success,Sales,EMEA,Evan Reyes,Manager 01,Referral,Referral,2025-11-29,,,,,Withdrawn,2025-11-29,,Filled
C-10515,REQ-2026-0005,Sales,Sales,EMEA,Diana Prince,Manager 02,University,New Grad,2026-03-21,,,,,Rejected,2026-03-15,,Open
C-10516,REQ-2026-0061,Data Science,Engineering,NA,Bob Jones,Manager 14,Referral,Referral,2026-07-13,2026-07-19,,,,Screen,2026-06-01,,Cancelled
C-10517,REQ-2025-0009,Marketing,Marketing,NA,Diana Prince,Manager 11,Internal,Internal,2026-05-10,,,,,Rejected,2025-10-21,,Filled
C-10518,REQ-2026-0050,Design,Product,EMEA,Evan Reyes,Manager 10,University,New Grad,2026-07-06,2026-07-16,2026-07-29,,,Onsite,2026-06-21,,Open
C-10519,REQ-2025-0048,Product,Product,APAC,Charlie Brown,Manager 14,Job Board,External,2026-07-15,,,,,Applied,2025-11-11,,Open
C-10520,REQ-2025-0035,Customer Success,Sales,APAC,Evan Reyes,Manager 12,University,New Grad,2025-12-07,,,,,Withdrawn,2025-11-02,,Filled
C-10521,REQ-2026-0003,Finance,G&A,NA,Bob Jones,Manager 11,Job Board,External,2026-03-20,2026-03-29,,,,Withdrawn,2026-03-03,,Filled
C-10522,REQ-2026-0015,Product,Product,EMEA,Charlie Brown,Manager 11,University,New Grad,2026-07-06,2026-07-15,,,,Screen,2026-03-19,,Filled
C-10523,REQ-2025-0038,People Ops,G&A,APAC,Charlie Brown,Manager 16,LinkedIn,External,2025-11-13,,,,,Rejected,2025-11-02,,Filled
C-10524,REQ-2025-0048,Product,Product,APAC,Charlie Brown,Manager 14,Referral,Referral,2025-12-01,,,,,Withdrawn,2025-11-11,,Open
C-10525,REQ-2025-0025,Finance,G&A,APAC,Charlie Brown,Manager 18,Job Board,External,2025-11-17,,,,,Rejected,2025-11-03,,Filled
C-10526,REQ-2025-0070,Design,Product,NA,Bob Jones,Manager 02,LinkedIn,External,2025-10-11,,,,,Rejected,2025-10-05,,Filled
C-10527,REQ-2025-0035,Customer Success,Sales,APAC,Evan Reyes,Manager 12,Internal,Internal,2025-12-19,2025-12-22,,,,Rejected,2025-11-02,,Filled
C-10528,REQ-2025-0016,Marketing,Marketing,APAC,Evan Reyes,Manager 13,LinkedIn,External,2026-01-03,2026-01-07,2026-01-12,,,Rejected,2025-11-27,,Filled
C-10529,REQ-2026-0005,Sales,Sales,EMEA,Diana Prince,Manager 02,University,New Grad,2026-05-21,,,,,Withdrawn,2026-03-15,,Open
C-10530,REQ-2025-0009,Marketing,Marketing,NA,Diana Prince,Manager 11,Referral,Referral,2025-12-27,2026-01-02,,,,Withdrawn,2025-10-21,,Filled
C-10531,REQ-2026-0004,Product,Product,APAC,Alice Smith,Manager 17,Referral,Referral,2026-06-03,2026-06-15,2026-06-23,,,Withdrawn,2026-06-02,,Filled
C-10532,REQ-2026-0015,Product,Product,EMEA,Charlie Brown,Manager 11,University,New Grad,2026-04-15,,,,,Rejected,2026-03-19,,Filled
C-10533,REQ-2026-0041,Data Science,Engineering,NA,Charlie Brown,Manager 12,Referral,Referral,2026-07-19,,,,,Applied,2026-07-17,,Open
C-10534,REQ-2026-0015,Product,Product,EMEA,Charlie Brown,Manager 11,LinkedIn,External,2026-03-28,,,,,Rejected,2026-03-19,,Filled
C-10535,REQ-2025-0066,People Ops,G&A,EMEA,Diana Prince,Manager 15,Agency,External,2025-11-17,,,,,Withdrawn,2025-10-24,,Filled
C-10536,REQ-2026-0007,Finance,G&A,LATAM,Evan Reyes,Manager 05,Agency,External,2026-02-23,2026-02-28,,,,Rejected,2026-01-03,,Filled
C-10537,REQ-2025-0023,Design,Product,NA,Charlie Brown,Manager 07,Job Board,External,2025-11-06,,,,,Withdrawn,2025-10-12,,Filled
C-10538,REQ-2025-0037,Data Science,Engineering,NA,Charlie Brown,Manager 19,University,New Grad,2025-11-16,2025-11-21,,,,Rejected,2025-10-05,,Filled
C-10539,REQ-2026-0062,Backend,Engineering,NA,Diana Prince,Manager 12,Agency,External,2026-01-29,2026-02-03,,,,Rejected,2026-01-21,,Filled
C-10540,REQ-2026-0056,Frontend,Engineering,LATAM,Bob Jones,Manager 08,Referral,Referral,2026-07-13,,,,,Applied,2026-07-12,,Open
C-10541,REQ-2026-0051,Backend,Engineering,LATAM,Diana Prince,Manager 07,LinkedIn,External,2026-05-29,2026-06-04,2026-06-18,,,Rejected,2026-04-05,,Filled
C-10542,REQ-2025-0029,Customer Success,Sales,EMEA,Alice Smith,Manager 16,Agency,External,2025-12-18,2025-12-28,,,,Withdrawn,2025-10-16,,Filled
C-10543,REQ-2026-0052,Design,Product,NA,Alice Smith,Manager 12,Referral,Referral,2026-04-28,,,,,Withdrawn,2026-04-16,,Filled
C-10544,REQ-2025-0033,Customer Success,Sales,APAC,Diana Prince,Manager 14,Referral,Referral,2026-01-15,2026-01-27,2026-02-07,,,Withdrawn,2025-12-23,,Filled
C-10545,REQ-2025-0032,Marketing,Marketing,APAC,Charlie Brown,Manager 07,Referral,Referral,2026-01-05,2026-01-12,2026-01-30,2026-02-03,,Withdrawn,2025-12-17,,Filled
C-10546,REQ-2026-0064,Design,Product,APAC,Bob Jones,Manager 03,Job Board,External,2026-03-26,,,,,Withdrawn,2026-03-03,,Filled
C-10547,REQ-2025-0046,Sales,Sales,APAC,Diana Prince,Manager 14,Referral,Referral,2025-12-22,2025-12-28,2026-01-04,,,Rejected,2025-11-30,,Cancelled
C-10548,REQ-2026-0010,Marketing,Marketing,NA,Charlie Brown,Manager 16,Referral,Referral,2026-03-27,2026-04-03,2026-04-15,2026-04-23,2026-04-28,Hired,2026-03-02,57,Filled
C-10549,REQ-2025-0057,Product,Product,EMEA,Diana Prince,Manager 19,Referral,Referral,2026-02-22,,,,,Rejected,2025-11-03,,Filled
C-10550,REQ-2026-0064,Design,Product,APAC,Bob Jones,Manager 03,University,New Grad,2026-03-07,,,,,Rejected,2026-03-03,,Filled
C-10551,REQ-2026-0062,Backend,Engineering,NA,Diana Prince,Manager 12,University,New Grad,2026-01-29,2026-02-09,,,,Withdrawn,2026-01-21,,Filled
C-10552,REQ-2026-0061,Data Science,Engineering,NA,Bob Jones,Manager 14,Agency,External,2026-06-21,,,,,Rejected,2026-06-01,,Cancelled
C-10553,REQ-2025-0016,Marketing,Marketing,APAC,Evan Reyes,Manager 13,Job Board,External,2025-12-24,,,,,Rejected,2025-11-27,,Filled
C-10554,REQ-2026-0036,Data Science,Engineering,NA,Charlie Brown,Manager 03,University,New Grad,2026-06-11,,,,,Rejected,2026-04-18,,Filled
C-10555,REQ-2026-0045,Finance,G&A,NA,Diana Prince,Manager 12,Job Board,External,2026-01-17,,,,,Rejected,2026-01-09,,Filled
C-10556,REQ-2026-0013,Design,Product,LATAM,Evan Reyes,Manager 09,LinkedIn,External,2026-03-21,2026-03-27,,,,Rejected,2026-01-21,,Filled
C-10557,REQ-2026-0045,Finance,G&A,NA,Diana Prince,Manager 12,Referral,Referral,2026-01-12,2026-01-21,2026-01-31,2026-02-15,2026-02-25,Hired,2026-01-09,47,Filled
C-10558,REQ-2026-0031,Design,Product,NA,Alice Smith,Manager 20,Job Board,External,2026-05-26,,,,,Rejected,2026-05-01,,Open
C-10559,REQ-2025-0039,Design,Product,EMEA,Charlie Brown,Manager 07,Referral,Referral,2025-12-12,2025-12-24,,,,Rejected,2025-11-23,,Filled
C-10560,REQ-2025-0016,Marketing,Marketing,APAC,Evan Reyes,Manager 13,Referral,Referral,2025-12-21,2026-01-01,,,,Rejected,2025-11-27,,Filled
C-10561,REQ-2026-0006,Marketing,Marketing,NA,Charlie Brown,Manager 08,Agency,External,2026-06-18,2026-06-21,2026-06-27,,,Withdrawn,2026-06-10,,Filled
C-10562,REQ-2026-0051,Backend,Engineering,LATAM,Diana Prince,Manager 07,Job Board,External,2026-05-06,2026-05-12,2026-05-26,,,Rejected,2026-04-05,,Filled
C-10563,REQ-2025-0063,Backend,Engineering,EMEA,Charlie Brown,Manager 09,Agency,External,2026-01-06,2026-01-17,,,,Withdrawn,2025-11-11,,Filled
C-10564,REQ-2025-0066,People Ops,G&A,EMEA,Diana Prince,Manager 15,University,New Grad,2025-10-25,2025-11-04,,,,Withdrawn,2025-10-24,,Filled
C-10565,REQ-2026-0004,Product,Product,APAC,Alice Smith,Manager 17,University,New Grad,2026-06-14,2026-06-26,2026-07-04,2026-07-16,2026-07-23,Hired,2026-06-02,51,Filled
C-10566,REQ-2025-0001,Customer Success,Sales,EMEA,Evan Reyes,Manager 01,Agency,External,2025-12-12,2025-12-16,2025-12-30,,,Withdrawn,2025-11-29,,Filled
C-10567,REQ-2025-0023,Design,Product,NA,Charlie Brown,Manager 07,Internal,Internal,2025-11-14,2025-11-20,2025-12-01,2025-12-13,,Withdrawn,2025-10-12,,Filled
C-10568,REQ-2026-0052,Design,Product,NA,Alice Smith,Manager 12,Job Board,External,2026-06-09,,,,,Withdrawn,2026-04-16,,Filled
C-10569,REQ-2025-0060,People Ops,G&A,NA,Charlie Brown,Manager 07,Job Board,External,2025-10-27,,,,,Rejected,2025-10-10,,Filled
C-10570,REQ-2025-0014,Data Science,Engineering,NA,Alice Smith,Manager 12,Referral,Referral,2025-12-30,2026-01-06,2026-01-16,,,Withdrawn,2025-10-26,,Filled
C-10571,REQ-2026-0043,Sales,Sales,NA,Bob Jones,Manager 16,Job Board,External,2026-02-24,,,,,Withdrawn,2026-02-23,,Open
C-10572,REQ-2026-0021,People Ops,G&A,EMEA,Diana Prince,Manager 11,Job Board,External,2026-04-23,2026-04-29,2026-05-17,,,Rejected,2026-04-17,,Filled
C-10573,REQ-2026-0030,Customer Success,Sales,EMEA,Bob Jones,Manager 03,Job Board,External,2026-07-07,,,,,Rejected,2026-07-05,,Open
C-10574,REQ-2026-0043,Sales,Sales,NA,Bob Jones,Manager 16,Referral,Referral,2026-03-26,2026-04-06,,,,Withdrawn,2026-02-23,,Open
C-10575,REQ-2025-0014,Data Science,Engineering,NA,Alice Smith,Manager 12,Agency,External,2026-02-02,2026-02-05,,,,Rejected,2025-10-26,,Filled
C-10576,REQ-2025-0032,Marketing,Marketing,APAC,Charlie Brown,Manager 07,University,New Grad,2025-12-26,,,,,Rejected,2025-12-17,,Filled
C-10577,REQ-2025-0060,People Ops,G&A,NA,Charlie Brown,Manager 07,LinkedIn,External,2025-10-27,,,,,Withdrawn,2025-10-10,,Filled
C-10578,REQ-2025-0001,Customer Success,Sales,EMEA,Evan Reyes,Manager 01,Agency,External,2026-02-03,,,,,Rejected,2025-11-29,,Filled
C-10579,REQ-2026-0008,Design,Product,NA,Bob Jones,Manager 16,Job Board,External,2026-07-07,2026-07-13,2026-07-21,2026-07-27,,Offer,2026-06-26,,Open
C-10580,REQ-2026-0021,People Ops,G&A,EMEA,Diana Prince,Manager 11,LinkedIn,External,2026-04-29,2026-05-02,2026-05-16,,,Rejected,2026-04-17,,Filled
C-10581,REQ-2026-0027,People Ops,G&A,NA,Diana Prince,Manager 11,Referral,Referral,2026-07-23,2026-07-27,,,,Screen,2026-07-15,,Open
C-10582,REQ-2025-0016,Marketing,Marketing,APAC,Evan Reyes,Manager 13,Agency,External,2025-12-07,2025-12-16,2025-12-22,2026-01-03,2026-01-14,Hired,2025-11-27,48,Filled
C-10583,REQ-2025-0032,Marketing,Marketing,APAC,Charlie Brown,Manager 07,Agency,External,2026-05-04,,,,,Withdrawn,2025-12-17,,Filled
C-10584,REQ-2025-0063,Backend,Engineering,EMEA,Charlie Brown,Manager 09,Agency,External,2025-12-13,2025-12-23,,,,Withdrawn,2025-11-11,,Filled
C-10585,REQ-2026-0031,Design,Product,NA,Alice Smith,Manager 20,Referral,Referral,2026-06-09,2026-06-16,,,,Withdrawn,2026-05-01,,Open
C-10586,REQ-2026-0052,Design,Product,NA,Alice Smith,Manager 12,LinkedIn,External,2026-05-15,2026-05-26,,,,Withdrawn,2026-04-16,,Filled
C-10587,REQ-2025-0020,Finance,G&A,EMEA,Evan Reyes,Manager 05,Internal,Internal,2025-12-17,2025-12-25,,,,Withdrawn,2025-12-03,,Filled
C-10588,REQ-2026-0062,Backend,Engineering,NA,Diana Prince,Manager 12,Internal,Internal,2026-03-24,2026-03-27,2026-04-09,,,Rejected,2026-01-21,,Filled
C-10589,REQ-2026-0013,Design,Product,LATAM,Evan Reyes,Manager 09,University,New Grad,2026-01-30,,,,,Withdrawn,2026-01-21,,Filled
C-10590,REQ-2025-0046,Sales,Sales,APAC,Diana Prince,Manager 14,Job Board,External,2025-12-04,,,,,Withdrawn,2025-11-30,,Cancelled
C-10591,REQ-2026-0021,People Ops,G&A,EMEA,Diana Prince,Manager 11,Agency,External,2026-05-03,,,,,Rejected,2026-04-17,,Filled
C-10592,REQ-2025-0018,Frontend,Engineering,EMEA,Charlie Brown,Manager 01,Job Board,External,2025-10-22,2025-10-26,,,,Withdrawn,2025-10-22,,Filled
C-10593,REQ-2025-0029,Customer Success,Sales,EMEA,Alice Smith,Manager 16,LinkedIn,External,2025-10-29,2025-11-04,,,,Withdrawn,2025-10-16,,Filled
C-10594,REQ-2026-0021,People Ops,G&A,EMEA,Diana Prince,Manager 11,Agency,External,2026-06-11,2026-06-19,,,,Rejected,2026-04-17,,Filled
C-10595,REQ-2026-0050,Design,Product,EMEA,Evan Reyes,Manager 10,LinkedIn,External,2026-06-25,2026-07-05,2026-07-21,,,Onsite,2026-06-21,,Open
C-10596,REQ-2025-0012,Frontend,Engineering,NA,Charlie Brown,Manager 16,Job Board,External,2025-12-12,,,,,Withdrawn,2025-10-26,,Filled
C-10597,REQ-2025-0055,Backend,Engineering,NA,Alice Smith,Manager 01,Referral,Referral,2025-12-25,2026-01-04,2026-01-19,,,Withdrawn,2025-12-03,,Filled
C-10598,REQ-2025-0048,Product,Product,APAC,Charlie Brown,Manager 14,Internal,Internal,2026-01-18,2026-01-30,,,,Withdrawn,2025-11-11,,Open
C-10599,REQ-2026-0007,Finance,G&A,LATAM,Evan Reyes,Manager 05,Agency,External,2026-03-07,,,,,Withdrawn,2026-01-03,,Filled
C-10600,REQ-2025-0016,Marketing,Marketing,APAC,Evan Reyes,Manager 13,University,New Grad,2026-03-24,,,,,Withdrawn,2025-11-27,,Filled
C-10601,REQ-2026-0030,Customer Success,Sales,EMEA,Bob Jones,Manager 03,Job Board,External,2026-07-14,,,,,Applied,2026-07-05,,Open
C-10602,REQ-2025-0037,Data Science,Engineering,NA,Charlie Brown,Manager 19,Referral,Referral,2025-10-16,,,,,Rejected,2025-10-05,,Filled
C-10603,REQ-2025-0032,Marketing,Marketing,APAC,Charlie Brown,Manager 07,University,New Grad,2025-12-29,,,,,Rejected,2025-12-17,,Filled
C-10604,REQ-2025-0020,Finance,G&A,EMEA,Evan Reyes,Manager 05,Job Board,External,2025-12-27,2026-01-05,,,,Rejected,2025-12-03,,Filled
C-10605,REQ-2026-0003,Finance,G&A,NA,Bob Jones,Manager 11,Referral,Referral,2026-03-23,2026-03-26,2026-04-10,2026-04-23,2026-05-09,Hired,2026-03-03,67,Filled
C-10606,REQ-2025-0018,Frontend,Engineering,EMEA,Charlie Brown,Manager 01,Referral,Referral,2025-11-27,2025-12-07,2025-12-20,,,Rejected,2025-10-22,,Filled
C-10607,REQ-2025-0047,Marketing,Marketing,NA,Diana Prince,Manager 14,Agency,External,2026-01-01,2026-01-05,,,,Rejected,2025-12-08,,Filled
C-10608,REQ-2025-0063,Backend,Engineering,EMEA,Charlie Brown,Manager 09,Referral,Referral,2025-11-18,2025-11-22,2025-12-09,,,Rejected,2025-11-11,,Filled
C-10609,REQ-2026-0013,Design,Product,LATAM,Evan Reyes,Manager 09,Job Board,External,2026-02-08,2026-02-16,2026-02-25,2026-03-05,2026-03-11,Hired,2026-01-21,49,Filled
C-10610,REQ-2026-0059,Design,Product,EMEA,Evan Reyes,Manager 02,University,New Grad,2026-07-08,2026-07-20,,,,Screen,2026-07-06,,Open
C-10611,REQ-2025-0012,Frontend,Engineering,NA,Charlie Brown,Manager 16,Referral,Referral,2025-11-15,,,,,Rejected,2025-10-26,,Filled
C-10612,REQ-2026-0006,Marketing,Marketing,NA,Charlie Brown,Manager 08,Agency,External,2026-07-02,,,,,Rejected,2026-06-10,,Filled
C-10613,REQ-2026-0058,Customer Success,Sales,EMEA,Evan Reyes,Manager 04,Internal,Internal,2026-03-06,2026-03-18,2026-03-31,,,Rejected,2026-02-27,,Filled
C-10614,REQ-2026-0031,Design,Product,NA,Alice Smith,Manager 20,Referral,Referral,2026-05-20,,,,,Rejected,2026-05-01,,Open
C-10615,REQ-2026-0003,Finance,G&A,NA,Bob Jones,Manager 11,Job Board,External,2026-04-18,,,,,Withdrawn,2026-03-03,,Filled
C-10616,REQ-2025-0055,Backend,Engineering,NA,Alice Smith,Manager 01,LinkedIn,External,2025-12-05,2025-12-09,,,,Rejected,2025-12-03,,Filled
C-10617,REQ-2026-0013,Design,Product,LATAM,Evan Reyes,Manager 09,Referral,Referral,2026-03-13,,,,,Rejected,2026-01-21,,Filled
C-10618,REQ-2026-0030,Customer Success,Sales,EMEA,Bob Jones,Manager 03,Agency,External,2026-07-12,2026-07-15,,,,Screen,2026-07-05,,Open
C-10619,REQ-2025-0057,Product,Product,EMEA,Diana Prince,Manager 19,LinkedIn,External,2025-11-24,2025-12-01,2025-12-14,2025-12-26,2026-01-10,Hired,2025-11-03,68,Filled
C-10620,REQ-2026-0062,Backend,Engineering,NA,Diana Prince,Manager 12,Referral,Referral,2026-01-21,2026-01-25,2026-01-31,,,Rejected,2026-01-21,,Filled
C-10621,REQ-2026-0002,Sales,Sales,APAC,Evan Reyes,Manager 07,LinkedIn,External,2026-03-08,,,,,Rejected,2026-03-01,,Open
C-10622,REQ-2026-0004,Product,Product,APAC,Alice Smith,Manager 17,LinkedIn,External,2026-06-04,2026-06-07,,,,Rejected,2026-06-02,,Filled
C-10623,REQ-2025-0037,Data Science,Engineering,NA,Charlie Brown,Manager 19,Job Board,External,2025-10-12,2025-10-18,,,,Rejected,2025-10-05,,Filled
C-10624,REQ-2025-0014,Data Science,Engineering,NA,Alice Smith,Manager 12,Agency,External,2025-12-14,2025-12-20,,,,Withdrawn,2025-10-26,,Filled
C-10625,REQ-2025-0047,Marketing,Marketing,NA,Diana Prince,Manager 14,University,New Grad,2025-12-24,2026-01-02,,,,Rejected,2025-12-08,,Filled
C-10626,REQ-2026-0034,Finance,G&A,APAC,Diana Prince,Manager 02,University,New Grad,2026-04-23,,,,,Withdrawn,2026-04-21,,Filled
C-10627,REQ-2025-0020,Finance,G&A,EMEA,Evan Reyes,Manager 05,Referral,Referral,2025-12-14,2025-12-22,,,,Withdrawn,2025-12-03,,Filled
C-10628,REQ-2025-0014,Data Science,Engineering,NA,Alice Smith,Manager 12,Agency,External,2025-12-27,,,,,Rejected,2025-10-26,,Filled
C-10629,REQ-2025-0029,Customer Success,Sales,EMEA,Alice Smith,Manager 16,University,New Grad,2025-12-24,,,,,Withdrawn,2025-10-16,,Filled
C-10630,REQ-2026-0062,Backend,Engineering,NA,Diana Prince,Manager 12,LinkedIn,External,2026-03-17,2026-03-26,,,,Withdrawn,2026-01-21,,Filled
C-10631,REQ-2025-0020,Finance,G&A,EMEA,Evan Reyes,Manager 05,LinkedIn,External,2026-01-12,2026-01-19,2026-02-04,,,Rejected,2025-12-03,,Filled
C-10632,REQ-2025-0046,Sales,Sales,APAC,Diana Prince,Manager 14,University,New Grad,2025-12-26,,,,,Rejected,2025-11-30,,Cancelled
C-10633,REQ-2025-0023,Design,Product,NA,Charlie Brown,Manager 07,LinkedIn,External,2025-10-27,,,,,Rejected,2025-10-12,,Filled
C-10634,REQ-2025-0022,Frontend,Engineering,NA,Alice Smith,Manager 18,Agency,External,2025-10-31,2025-11-03,,,,Rejected,2025-10-05,,On Hold
C-10635,REQ-2025-0067,People Ops,G&A,LATAM,Bob Jones,Manager 19,LinkedIn,External,2025-12-12,2025-12-15,2026-01-02,,,Withdrawn,2025-10-13,,Filled
C-10636,REQ-2026-0021,People Ops,G&A,EMEA,Diana Prince,Manager 11,University,New Grad,2026-04-23,2026-05-04,,,,Rejected,2026-04-17,,Filled
C-10637,REQ-2025-0066,People Ops,G&A,EMEA,Diana Prince,Manager 15,LinkedIn,External,2025-11-20,2025-11-27,,,,Rejected,2025-10-24,,Filled
C-10638,REQ-2026-0005,Sales,Sales,EMEA,Diana Prince,Manager 02,Referral,Referral,2026-04-18,2026-04-23,,,,Rejected,2026-03-15,,Open
C-10639,REQ-2025-0032,Marketing,Marketing,APAC,Charlie Brown,Manager 07,Referral,Referral,2026-01-13,,,,,Rejected,2025-12-17,,Filled
C-10640,REQ-2025-0060,People Ops,G&A,NA,Charlie Brown,Manager 07,Agency,External,2025-11-09,2025-11-16,2025-11-24,,,Rejected,2025-10-10,,Filled
C-10641,REQ-2025-0055,Backend,Engineering,NA,Alice Smith,Manager 01,LinkedIn,External,2025-12-29,,,,,Rejected,2025-12-03,,Filled
C-10642,REQ-2026-0007,Finance,G&A,LATAM,Evan Reyes,Manager 05,Referral,Referral,2026-03-29,2026-04-04,2026-04-14,,,Withdrawn,2026-01-03,,Filled
C-10643,REQ-2026-0065,Sales,Sales,NA,Evan Reyes,Manager 18,Agency,External,2026-02-10,,,,,Rejected,2026-01-19,,Filled
C-10644,REQ-2025-0063,Backend,Engineering,EMEA,Charlie Brown,Manager 09,Referral,Referral,2026-01-01,,,,,Rejected,2025-11-11,,Filled
C-10645,REQ-2025-0037,Data Science,Engineering,NA,Charlie Brown,Manager 19,University,New Grad,2025-10-20,,,,,Rejected,2025-10-05,,Filled
C-10646,REQ-2026-0010,Marketing,Marketing,NA,Charlie Brown,Manager 16,Agency,External,2026-05-09,,,,,Withdrawn,2026-03-02,,Filled
C-10647,REQ-2025-0009,Marketing,Marketing,NA,Diana Prince,Manager 11,LinkedIn,External,2025-11-03,,,,,Withdrawn,2025-10-21,,Filled
C-10648,REQ-2026-0004,Product,Product,APAC,Alice Smith,Manager 17,LinkedIn,External,2026-06-18,2026-06-24,,,,Rejected,2026-06-02,,Filled
C-10649,REQ-2025-0037,Data Science,Engineering,NA,Charlie Brown,Manager 19,LinkedIn,External,2026-01-07,2026-01-19,,,,Rejected,2025-10-05,,Filled
C-10650,REQ-2025-0018,Frontend,Engineering,EMEA,Charlie Brown,Manager 01,LinkedIn,External,2026-03-12,2026-03-15,,,,Rejected,2025-10-22,,Filled
C-10651,REQ-2026-0036,Data Science,Engineering,NA,Charlie Brown,Manager 03,LinkedIn,External,2026-06-21,,,,,Withdrawn,2026-04-18,,Filled
C-10652,REQ-2026-0061,Data Science,Engineering,NA,Bob Jones,Manager 14,Job Board,External,2026-06-29,,,,,Rejected,2026-06-01,,Cancelled
C-10653,REQ-2025-0048,Product,Product,APAC,Charlie Brown,Manager 14,University,New Grad,2025-11-21,2025-11-26,2025-12-01,2025-12-14,,Rejected,2025-11-11,,Open
C-10654,REQ-2026-0006,Marketing,Marketing,NA,Charlie Brown,Manager 08,Referral,Referral,2026-06-18,2026-06-23,2026-07-10,,,Withdrawn,2026-06-10,,Filled
C-10655,REQ-2025-0001,Customer Success,Sales,EMEA,Evan Reyes,Manager 01,Referral,Referral,2025-12-08,,,,,Rejected,2025-11-29,,Filled
C-10656,REQ-2026-0069,People Ops,G&A,EMEA,Alice Smith,Manager 04,LinkedIn,External,2026-03-10,2026-03-13,,,,Withdrawn,2026-02-27,,Open
C-10657,REQ-2025-0067,People Ops,G&A,LATAM,Bob Jones,Manager 19,Job Board,External,2025-11-25,2025-11-30,2025-12-15,,,Withdrawn,2025-10-13,,Filled
C-10658,REQ-2026-0058,Customer Success,Sales,EMEA,Evan Reyes,Manager 04,Internal,Internal,2026-03-16,,,,,Rejected,2026-02-27,,Filled
C-10659,REQ-2025-0016,Marketing,Marketing,APAC,Evan Reyes,Manager 13,Referral,Referral,2026-07-17,2026-07-20,,,,Screen,2025-11-27,,Filled
C-10660,REQ-2025-0060,People Ops,G&A,NA,Charlie Brown,Manager 07,LinkedIn,External,2025-11-01,2025-11-11,2025-11-21,2025-11-30,2025-12-08,Hired,2025-10-10,59,Filled
C-10661,REQ-2025-0055,Backend,Engineering,NA,Alice Smith,Manager 01,Referral,Referral,2026-04-03,2026-04-08,,,,Rejected,2025-12-03,,Filled
C-10662,REQ-2026-0036,Data Science,Engineering,NA,Charlie Brown,Manager 03,Referral,Referral,2026-04-22,2026-04-25,2026-05-09,2026-05-13,2026-05-22,Hired,2026-04-18,34,Filled
C-10663,REQ-2025-0014,Data Science,Engineering,NA,Alice Smith,Manager 12,Job Board,External,2025-11-20,2025-12-02,,,,Withdrawn,2025-10-26,,Filled
C-10664,REQ-2026-0051,Backend,Engineering,LATAM,Diana Prince,Manager 07,Referral,Referral,2026-04-15,2026-04-24,,,,Rejected,2026-04-05,,Filled
C-10665,REQ-2025-0023,Design,Product,NA,Charlie Brown,Manager 07,LinkedIn,External,2026-02-23,2026-03-02,2026-03-11,2026-03-18,,Rejected,2025-10-12,,Filled
C-10666,REQ-2026-0068,Frontend,Engineering,EMEA,Alice Smith,Manager 01,Agency,External,2026-07-20,,,,,Applied,2026-03-21,,Filled
C-10667,REQ-2025-0032,Marketing,Marketing,APAC,Charlie Brown,Manager 07,Job Board,External,2026-02-26,,,,,Rejected,2025-12-17,,Filled
C-10668,REQ-2025-0066,People Ops,G&A,EMEA,Diana Prince,Manager 15,Job Board,External,2025-11-20,,,,,Withdrawn,2025-10-24,,Filled
C-10669,REQ-2026-0005,Sales,Sales,EMEA,Diana Prince,Manager 02,Referral,Referral,2026-03-21,2026-04-01,2026-04-18,2026-04-22,,Withdrawn,2026-03-15,,Open
C-10670,REQ-2026-0011,Finance,G&A,APAC,Alice Smith,Manager 13,University,New Grad,2026-07-21,2026-07-29,,,,Screen,2026-05-24,,Open
C-10671,REQ-2026-0062,Backend,Engineering,NA,Diana Prince,Manager 12,Job Board,External,2026-01-25,2026-02-06,2026-02-24,,,Rejected,2026-01-21,,Filled
C-10672,REQ-2026-0007,Finance,G&A,LATAM,Evan Reyes,Manager 05,University,New Grad,2026-01-21,2026-01-28,2026-02-15,,,Rejected,2026-01-03,,Filled
C-10673,REQ-2026-0034,Finance,G&A,APAC,Diana Prince,Manager 02,Referral,Referral,2026-05-16,2026-05-25,,,,Withdrawn,2026-04-21,,Filled
C-10674,REQ-2025-0009,Marketing,Marketing,NA,Diana Prince,Manager 11,Agency,External,2026-03-20,,,,,Rejected,2025-10-21,,Filled
C-10675,REQ-2025-0047,Marketing,Marketing,NA,Diana Prince,Manager 14,University,New Grad,2026-02-03,,,,,Rejected,2025-12-08,,Filled
C-10676,REQ-2025-0025,Finance,G&A,APAC,Charlie Brown,Manager 18,Referral,Referral,2025-11-23,2025-11-28,,,,Withdrawn,2025-11-03,,Filled
C-10677,REQ-2026-0005,Sales,Sales,EMEA,Diana Prince,Manager 02,Internal,Internal,2026-05-03,2026-05-14,,,,Withdrawn,2026-03-15,,Open
C-10678,REQ-2025-0047,Marketing,Marketing,NA,Diana Prince,Manager 14,Agency,External,2026-02-13,2026-02-18,2026-03-01,2026-03-05,2026-03-25,Hired,2025-12-08,107,Filled
C-10679,REQ-2026-0050,Design,Product,EMEA,Evan Reyes,Manager 10,LinkedIn,External,2026-07-21,,,,,Applied,2026-06-21,,Open
C-10680,REQ-2026-0064,Design,Product,APAC,Bob Jones,Manager 03,Job Board,External,2026-03-29,,,,,Rejected,2026-03-03,,Filled
C-10681,REQ-2025-0023,Design,Product,NA,Charlie Brown,Manager 07,LinkedIn,External,2025-10-14,,,,,Rejected,2025-10-12,,Filled
C-10682,REQ-2025-0023,Design,Product,NA,Charlie Brown,Manager 07,Job Board,External,2025-11-20,,,,,Rejected,2025-10-12,,Filled
C-10683,REQ-2025-0020,Finance,G&A,EMEA,Evan Reyes,Manager 05,University,New Grad,2026-01-07,,,,,Rejected,2025-12-03,,Filled
C-10684,REQ-2025-0070,Design,Product,NA,Bob Jones,Manager 02,LinkedIn,External,2025-11-26,,,,,Rejected,2025-10-05,,Filled
C-10685,REQ-2026-0028,Marketing,Marketing,APAC,Evan Reyes,Manager 07,Internal,Internal,2026-07-08,2026-07-14,,,,Screen,2026-06-14,,Filled
C-10686,REQ-2026-0005,Sales,Sales,EMEA,Diana Prince,Manager 02,Job Board,External,2026-04-04,2026-04-10,,,,Rejected,2026-03-15,,Open
C-10687,REQ-2025-0009,Marketing,Marketing,NA,Diana Prince,Manager 11,University,New Grad,2025-12-03,2025-12-10,2025-12-23,,,Rejected,2025-10-21,,Filled
C-10688,REQ-2026-0006,Marketing,Marketing,NA,Charlie Brown,Manager 08,Referral,Referral,2026-06-29,2026-07-10,2026-07-20,2026-07-26,,Offer,2026-06-10,,Filled
C-10689,REQ-2026-0021,People Ops,G&A,EMEA,Diana Prince,Manager 11,LinkedIn,External,2026-05-02,2026-05-10,,,,Withdrawn,2026-04-17,,Filled
C-10690,REQ-2025-0012,Frontend,Engineering,NA,Charlie Brown,Manager 16,Job Board,External,2025-11-15,2025-11-23,,,,Withdrawn,2025-10-26,,Filled
C-10691,REQ-2025-0038,People Ops,G&A,APAC,Charlie Brown,Manager 16,Referral,Referral,2025-11-11,,,,,Rejected,2025-11-02,,Filled
C-10692,REQ-2025-0057,Product,Product,EMEA,Diana Prince,Manager 19,Agency,External,2025-11-26,2025-12-08,2025-12-20,,,Rejected,2025-11-03,,Filled
C-10693,REQ-2025-0046,Sales,Sales,APAC,Diana Prince,Manager 14,Referral,Referral,2025-12-19,2025-12-31,,,,Withdrawn,2025-11-30,,Cancelled
C-10694,REQ-2025-0014,Data Science,Engineering,NA,Alice Smith,Manager 12,Referral,Referral,2025-11-13,2025-11-21,2025-11-30,2025-12-04,2025-12-15,Hired,2025-10-26,50,Filled
C-10695,REQ-2025-0016,Marketing,Marketing,APAC,Evan Reyes,Manager 13,LinkedIn,External,2025-12-05,,,,,Withdrawn,2025-11-27,,Filled
C-10696,REQ-2025-0024,Frontend,Engineering,NA,Bob Jones,Manager 19,Referral,Referral,2026-06-03,2026-06-15,2026-06-29,,,Rejected,2025-10-18,,Open
C-10697,REQ-2025-0023,Design,Product,NA,Charlie Brown,Manager 07,Referral,Referral,2025-12-04,,,,,Rejected,2025-10-12,,Filled
C-10698,REQ-2026-0053,Finance,G&A,EMEA,Bob Jones,Manager 02,University,New Grad,2026-07-13,2026-07-22,,,,Screen,2026-02-03,,Filled
C-10699,REQ-2026-0021,People Ops,G&A,EMEA,Diana Prince,Manager 11,Referral,Referral,2026-05-03,,,,,Rejected,2026-04-17,,Filled
C-10700,REQ-2026-0064,Design,Product,APAC,Bob Jones,Manager 03,Job Board,External,2026-04-29,2026-05-05,,,,Rejected,2026-03-03,,Filled
C-10701,REQ-2026-0005,Sales,Sales,EMEA,Diana Prince,Manager 02,Agency,External,2026-04-12,,,,,Withdrawn,2026-03-15,,Open
C-10702,REQ-2026-0007,Finance,G&A,LATAM,Evan Reyes,Manager 05,University,New Grad,2026-01-03,2026-01-13,2026-01-19,,,Withdrawn,2026-01-03,,Filled
C-10703,REQ-2026-0030,Customer Success,Sales,EMEA,Bob Jones,Manager 03,University,New Grad,2026-07-08,2026-07-20,,,,Screen,2026-07-05,,Open
C-10704,REQ-2025-0039,Design,Product,EMEA,Charlie Brown,Manager 07,Referral,Referral,2025-12-04,,,,,Withdrawn,2025-11-23,,Filled
C-10705,REQ-2026-0036,Data Science,Engineering,NA,Charlie Brown,Manager 03,Agency,External,2026-05-19,,,,,Withdrawn,2026-04-18,,Filled
C-10706,REQ-2026-0031,Design,Product,NA,Alice Smith,Manager 20,LinkedIn,External,2026-06-13,2026-06-23,,,,Rejected,2026-05-01,,Open
C-10707,REQ-2026-0003,Finance,G&A,NA,Bob Jones,Manager 11,Referral,Referral,2026-04-01,2026-04-11,,,,Rejected,2026-03-03,,Filled
C-10708,REQ-2026-0005,Sales,Sales,EMEA,Diana Prince,Manager 02,Referral,Referral,2026-05-03,2026-05-12,,,,Withdrawn,2026-03-15,,Open
C-10709,REQ-2026-0028,Marketing,Marketing,APAC,Evan Reyes,Manager 07,Job Board,External,2026-06-21,,,,,Rejected,2026-06-14,,Filled
C-10710,REQ-2025-0055,Backend,Engineering,NA,Alice Smith,Manager 01,Job Board,External,2026-02-08,,,,,Withdrawn,2025-12-03,,Filled
C-10711,REQ-2026-0056,Frontend,Engineering,LATAM,Bob Jones,Manager 08,University,New Grad,2026-07-15,,,,,Applied,2026-07-12,,Open
C-10712,REQ-2026-0059,Design,Product,EMEA,Evan Reyes,Manager 02,Referral,Referral,2026-07-07,2026-07-14,,,,Screen,2026-07-06,,Open
C-10713,REQ-2025-0024,Frontend,Engineering,NA,Bob Jones,Manager 19,Referral,Referral,2026-01-16,2026-01-19,2026-01-28,,,Withdrawn,2025-10-18,,Open
C-10714,REQ-2026-0034,Finance,G&A,APAC,Diana Prince,Manager 02,Referral,Referral,2026-05-07,2026-05-14,,,,Withdrawn,2026-04-21,,Filled
C-10715,REQ-2025-0039,Design,Product,EMEA,Charlie Brown,Manager 07,Internal,Internal,2025-12-15,,,,,Rejected,2025-11-23,,Filled
C-10716,REQ-2025-0014,Data Science,Engineering,NA,Alice Smith,Manager 12,Agency,External,2026-05-26,2026-05-31,2026-06-18,2026-06-30,,Rejected,2025-10-26,,Filled
C-10717,REQ-2026-0002,Sales,Sales,APAC,Evan Reyes,Manager 07,Agency,External,2026-03-10,,,,,Rejected,2026-03-01,,Open
C-10718,REQ-2026-0062,Backend,Engineering,NA,Diana Prince,Manager 12,LinkedIn,External,2026-01-30,,,,,Rejected,2026-01-21,,Filled
C-10719,REQ-2026-0049,Data Science,Engineering,APAC,Diana Prince,Manager 11,LinkedIn,External,2026-05-05,2026-05-11,,,,Rejected,2026-04-07,,Filled
C-10720,REQ-2025-0012,Frontend,Engineering,NA,Charlie Brown,Manager 16,LinkedIn,External,2026-04-14,,,,,Rejected,2025-10-26,,Filled
C-10721,REQ-2026-0052,Design,Product,NA,Alice Smith,Manager 12,LinkedIn,External,2026-06-02,,,,,Withdrawn,2026-04-16,,Filled
C-10722,REQ-2025-0048,Product,Product,APAC,Charlie Brown,Manager 14,LinkedIn,External,2026-02-27,,,,,Withdrawn,2025-11-11,,Open
C-10723,REQ-2025-0048,Product,Product,APAC,Charlie Brown,Manager 14,Referral,Referral,2026-03-20,,,,,Rejected,2025-11-11,,Open
C-10724,REQ-2025-0040,Sales,Sales,NA,Diana Prince,Manager 09,Job Board,External,2025-12-16,,,,,Withdrawn,2025-11-30,,Filled
C-10725,REQ-2026-0059,Design,Product,EMEA,Evan Reyes,Manager 02,Internal,Internal,2026-07-12,2026-07-15,,,,Screen,2026-07-06,,Open
C-10726,REQ-2025-0012,Frontend,Engineering,NA,Charlie Brown,Manager 16,University,New Grad,2025-10-31,2025-11-09,,,,Withdrawn,2025-10-26,,Filled
C-10727,REQ-2025-0048,Product,Product,APAC,Charlie Brown,Manager 14,University,New Grad,2025-11-13,2025-11-23,,,,Rejected,2025-11-11,,Open
C-10728,REQ-2026-0007,Finance,G&A,LATAM,Evan Reyes,Manager 05,Job Board,External,2026-02-12,,,,,Rejected,2026-01-03,,Filled
C-10729,REQ-2026-0050,Design,Product,EMEA,Evan Reyes,Manager 10,Job Board,External,2026-07-04,2026-07-15,,,,Screen,2026-06-21,,Open
C-10730,REQ-2025-0070,Design,Product,NA,Bob Jones,Manager 02,Job Board,External,2025-10-28,2025-11-02,2025-11-08,,,Rejected,2025-10-05,,Filled
C-10731,REQ-2025-0066,People Ops,G&A,EMEA,Diana Prince,Manager 15,Agency,External,2025-10-29,2025-11-03,,,,Rejected,2025-10-24,,Filled
C-10732,REQ-2025-0001,Customer Success,Sales,EMEA,Evan Reyes,Manager 01,Referral,Referral,2026-01-27,2026-02-03,,,,Rejected,2025-11-29,,Filled
C-10733,REQ-2026-0034,Finance,G&A,APAC,Diana Prince,Manager 02,Job Board,External,2026-05-05,,,,,Rejected,2026-04-21,,Filled
C-10734,REQ-2026-0007,Finance,G&A,LATAM,Evan Reyes,Manager 05,Job Board,External,2026-02-15,2026-02-25,2026-03-04,,,Withdrawn,2026-01-03,,Filled
C-10735,REQ-2026-0028,Marketing,Marketing,APAC,Evan Reyes,Manager 07,University,New Grad,2026-07-01,,,,,Rejected,2026-06-14,,Filled
C-10736,REQ-2026-0004,Product,Product,APAC,Alice Smith,Manager 17,Internal,Internal,2026-06-05,2026-06-09,,,,Rejected,2026-06-02,,Filled
C-10737,REQ-2025-0016,Marketing,Marketing,APAC,Evan Reyes,Manager 13,University,New Grad,2025-12-01,,,,,Withdrawn,2025-11-27,,Filled
C-10738,REQ-2026-0005,Sales,Sales,EMEA,Diana Prince,Manager 02,University,New Grad,2026-04-02,2026-04-12,,,,Withdrawn,2026-03-15,,Open
C-10739,REQ-2026-0021,People Ops,G&A,EMEA,Diana Prince,Manager 11,Agency,External,2026-04-30,,,,,Rejected,2026-04-17,,Filled
C-10740,REQ-2026-0050,Design,Product,EMEA,Evan Reyes,Manager 10,University,New Grad,2026-07-12,,,,,Applied,2026-06-21,,Open
C-10741,REQ-2025-0029,Customer Success,Sales,EMEA,Alice Smith,Manager 16,LinkedIn,External,2025-12-17,,,,,Rejected,2025-10-16,,Filled
C-10742,REQ-2026-0056,Frontend,Engineering,LATAM,Bob Jones,Manager 08,Internal,Internal,2026-07-22,2026-07-30,,,,Screen,2026-07-12,,Open
C-10743,REQ-2025-0060,People Ops,G&A,NA,Charlie Brown,Manager 07,Agency,External,2025-12-13,2025-12-23,,,,Rejected,2025-10-10,,Filled
C-10744,REQ-2026-0052,Design,Product,NA,Alice Smith,Manager 12,Job Board,External,2026-06-20,,,,,Rejected,2026-04-16,,Filled
C-10745,REQ-2025-0040,Sales,Sales,NA,Diana Prince,Manager 09,Agency,External,2025-12-05,,,,,Rejected,2025-11-30,,Filled
C-10746,REQ-2025-0042,People Ops,G&A,NA,Diana Prince,Manager 14,LinkedIn,External,2025-11-22,,,,,Rejected,2025-10-29,,Filled
C-10747,REQ-2025-0016,Marketing,Marketing,APAC,Evan Reyes,Manager 13,Job Board,External,2025-11-27,2025-12-07,,,,Rejected,2025-11-27,,Filled
C-10748,REQ-2026-0049,Data Science,Engineering,APAC,Diana Prince,Manager 11,Referral,Referral,2026-06-13,,,,,Rejected,2026-04-07,,Filled
C-10749,REQ-2025-0070,Design,Product,NA,Bob Jones,Manager 02,University,New Grad,2025-11-06,,,,,Rejected,2025-10-05,,Filled
C-10750,REQ-2026-0065,Sales,Sales,NA,Evan Reyes,Manager 18,University,New Grad,2026-02-06,,,,,Withdrawn,2026-01-19,,Filled
